ClienteID,Recency,Frequency,Monetary,R_Score,F_Score,M_Score,RFM_Score,RFM_Total,Segmento
C00000,1,157,500565.61,5,5,5,555,5.0,Champions
C00001,457,6,3578.08,3,4,4,344,3.6,Loyal Customers
C00002,602,3,27181.25,2,2,5,225,2.75,Hibernating
C00003,358,6,1367.24,5,4,2,542,3.9,Champions
C00004,427,8,61518.96,3,5,5,355,4.2,Loyal Customers
C00005,365,6,2547.34,4,4,4,444,4.0,Champions
C00006,425,7,2683.96,3,5,4,354,3.95,Loyal Customers
C00007,358,4,2203.49,5,3,3,533,3.8,Loyal Customers
C00008,1,5,2512.7,5,4,3,543,4.15,Champions
C00009,304,5,22822.719999999998,5,4,5,545,4.65,Champions
C00010,123,6,3373.19,5,4,4,544,4.4,Champions
C00011,419,4,1002.23,4,3,2,432,3.15,Loyal Customers
C00012,883,2,1068.65,1,1,2,112,1.25,Hibernating
C00013,427,4,20795.02,3,3,5,335,3.5,Loyal Customers
C00014,419,5,15796.619999999999,4,4,5,445,4.25,Champions
C00015,609,5,1961.0,2,4,3,243,2.95,At Risk
C00016,542,3,15541.07,2,2,5,225,2.75,Hibernating
C00017,364,7,7232.3,4,5,4,454,4.35,Champions
C00018,575,2,32893.07,2,1,5,215,2.4,Hibernating
C00019,578,5,2463.37,2,4,3,243,2.95,At Risk
C00020,661,6,2784.92,1,4,4,144,2.8,Cant Lose Them
C00021,391,6,2268.2000000000003,4,4,3,443,3.75,Champions
C00022,450,8,3386.96,3,5,4,354,3.95,Loyal Customers
C00023,361,5,19069.55,4,4,5,445,4.25,Champions
C00024,304,6,18034.2,5,4,5,545,4.65,Champions
C00025,417,5,1989.48,4,4,3,443,3.75,Champions
C00026,426,5,2214.98,3,4,3,343,3.35,Loyal Customers
C00027,215,9,3408.44,5,5,4,554,4.75,Champions
C00028,123,5,48859.21,5,4,5,545,4.65,Champions
C00029,364,5,2909.48,4,4,4,444,4.0,Champions
C00030,938,1,4579.0,1,1,4,114,1.75,Hibernating
C00031,365,6,2785.6400000000003,4,4,4,444,4.0,Champions
C00032,358,6,4223.33,5,4,4,544,4.4,Champions
C00033,455,3,621.96,3,2,1,321,2.1500000000000004,Promising
C00034,395,6,25867.44,4,4,5,445,4.25,Champions
C00035,509,3,15584.93,3,2,5,325,3.1500000000000004,Promising
C00036,358,4,2343.2799999999997,5,3,3,533,3.8,Loyal Customers
C00037,427,6,2718.09,3,4,4,344,3.6,Loyal Customers
C00038,517,6,45028.4,2,4,5,245,3.45,At Risk
C00039,609,3,1203.54,2,2,2,222,2.0,Hibernating
C00040,362,5,20061.79,4,4,5,445,4.25,Champions
C00041,385,7,3669.33,4,5,4,454,4.35,Champions
C00042,570,5,83444.46,2,4,5,245,3.45,At Risk
C00043,361,6,1882.64,4,4,3,443,3.75,Champions
C00044,511,4,2445.51,2,3,3,233,2.5999999999999996,At Risk
C00045,540,4,1294.8600000000001,2,3,2,232,2.3499999999999996,At Risk
C00046,358,7,2570.25,5,5,4,554,4.75,Champions
C00047,335,3,1727.5500000000002,5,2,3,523,3.45,New Customers
C00048,516,4,1445.47,2,3,2,232,2.3499999999999996,At Risk
C00049,62,5,2786.21,5,4,4,544,4.4,Champions
C00050,304,9,5934.63,5,5,4,554,4.75,Champions
C00051,356,6,24289.15,5,4,5,545,4.65,Champions
C00052,452,6,25700.25,3,4,5,345,3.85,Loyal Customers
C00053,215,5,1764.7,5,4,3,543,4.15,Champions
C00054,573,6,3533.27,2,4,4,244,3.2,At Risk
C00055,62,5,16092.98,5,4,5,545,4.65,Champions
C00056,364,7,3969.44,4,5,4,454,4.35,Champions
C00057,361,4,1849.29,4,3,3,433,3.4,Loyal Customers
C00058,31,6,2611.23,5,4,4,544,4.4,Champions
C00059,386,5,42032.63,4,4,5,445,4.25,Champions
C00060,215,8,64935.299999999996,5,5,5,555,5.0,Champions
C00061,362,8,3305.87,4,5,4,454,4.35,Champions
C00062,660,4,26287.22,1,3,5,135,2.6999999999999997,Lost
C00063,362,9,32234.49,4,5,5,455,4.6,Champions
C00064,358,8,24129.1,5,5,5,555,5.0,Champions
C00065,478,5,3241.92,3,4,4,344,3.6,Loyal Customers
C00066,487,4,47566.01,3,3,5,335,3.5,Loyal Customers
C00067,661,6,2216.57,1,4,3,143,2.55,Cant Lose Them
C00068,662,1,99.51,1,1,1,111,1.0,Hibernating
C00069,357,5,2564.36,5,4,4,544,4.4,Champions
C00070,516,6,1513.8600000000001,2,4,3,243,2.95,At Risk
C00071,451,3,13061.09,3,2,4,324,2.9000000000000004,Promising
C00072,446,4,1902.2,3,3,3,333,3.0,Loyal Customers
C00073,385,6,2191.54,4,4,3,443,3.75,Champions
C00074,452,8,3922.43,3,5,4,354,3.95,Loyal Customers
C00075,358,5,28521.85,5,4,5,545,4.65,Champions
C00076,62,8,2560.12,5,5,4,554,4.75,Champions
C00077,386,5,2985.46,4,4,4,444,4.0,Champions
C00078,519,5,1601.01,2,4,3,243,2.95,At Risk
C00079,875,2,498.62,1,1,1,111,1.0,Hibernating
C00080,92,6,2917.09,5,4,4,544,4.4,Champions
C00081,355,6,2399.17,5,4,3,543,4.15,Champions
C00082,818,7,4429.33,1,5,4,154,3.15,Cant Lose Them
C00083,477,3,9170.12,3,2,4,324,2.9000000000000004,Promising
C00084,724,2,966.97,1,1,2,112,1.25,Hibernating
C00085,549,4,1688.67,2,3,3,233,2.5999999999999996,At Risk
C00086,304,2,1364.58,5,1,2,512,2.85,New Customers
C00087,365,4,14718.36,4,3,5,435,3.9,Loyal Customers
C00088,453,2,812.45,3,1,2,312,2.0500000000000003,Promising
C00089,355,6,31003.62,5,4,5,545,4.65,Champions
C00090,31,7,10331.47,5,5,4,554,4.75,Champions
C00091,123,7,1932.4,5,5,3,553,4.5,Champions
C00092,484,6,3339.34,3,5,4,354,3.95,Loyal Customers
C00093,389,6,2631.82,4,5,4,454,4.35,Champions
C00094,355,6,35891.09,5,5,5,555,5.0,Champions
C00095,385,7,50463.149999999994,4,5,5,455,4.6,Champions
C00096,362,6,2039.21,4,5,3,453,4.1,Champions
C00097,396,12,69672.31999999999,4,5,5,455,4.6,Champions
C00098,420,1,130.94,3,1,1,311,1.8000000000000003,Promising
C00099,480,5,2509.44,3,4,3,343,3.35,Loyal Customers
C00100,62,8,15307.44,5,5,5,555,5.0,Champions
C00101,484,8,3835.87,3,5,4,354,3.95,Loyal Customers
C00102,184,8,33714.35,5,5,5,555,5.0,Champions
C00103,393,6,14464.4,4,5,5,455,4.6,Champions
C00104,416,3,1469.31,4,2,2,422,2.8,New Customers
C00105,359,2,7126.129999999999,5,1,4,514,3.35,New Customers
C00106,363,4,1516.08,4,3,3,433,3.4,Loyal Customers
C00107,488,2,358.1,3,1,1,311,1.8000000000000003,Promising
C00108,541,2,1191.22,2,1,2,212,1.65,Hibernating
C00109,417,5,7687.41,4,4,4,444,4.0,Champions
C00110,389,9,10063.84,4,5,4,454,4.35,Champions
C00111,875,1,399.28000000000003,1,1,1,111,1.0,Hibernating
C00112,389,2,12261.46,4,1,4,414,2.95,New Customers
C00113,575,3,578.94,2,2,1,221,1.75,Hibernating
C00114,481,4,45199.5,3,3,5,335,3.5,Loyal Customers
C00115,481,3,805.28,3,2,2,322,2.4000000000000004,Promising
C00116,446,7,18608.39,3,5,5,355,4.2,Loyal Customers
C00117,391,6,2288.86,4,5,3,453,4.1,Champions
C00118,1,9,66400.73,5,5,5,555,5.0,Champions
C00119,479,5,3987.32,3,4,4,344,3.6,Loyal Customers
C00120,184,6,3695.83,5,5,4,554,4.75,Champions
C00121,359,8,4255.66,5,5,4,554,4.75,Champions
C00122,417,3,1580.35,4,2,3,423,3.05,New Customers
C00123,664,5,1174.45,1,4,2,142,2.3,Cant Lose Them
C00124,518,5,3460.37,2,4,4,244,3.2,At Risk
C00125,395,3,846.53,4,2,2,422,2.8,New Customers
C00126,123,3,1771.69,5,2,3,523,3.45,New Customers
C00127,449,7,3436.21,3,5,4,354,3.95,Loyal Customers
C00128,388,7,3916.32,4,5,4,454,4.35,Champions
C00129,454,4,2442.39,3,3,3,333,3.0,Loyal Customers
C00130,154,2,1458.03,5,1,2,512,2.85,New Customers
C00131,386,7,2938.0699999999997,4,5,4,454,4.35,Champions
C00132,879,1,359.43,1,1,1,111,1.0,Hibernating
C00133,691,2,1483.11,1,1,2,112,1.25,Hibernating
C00134,487,3,17742.870000000003,3,2,5,325,3.1500000000000004,Promising
C00135,359,5,2100.75,5,4,3,543,4.15,Champions
C00136,446,6,29045.05,3,5,5,355,4.2,Loyal Customers
C00137,578,1,46.57,2,1,1,211,1.4,Hibernating
C00138,396,5,2916.0899999999997,4,4,4,444,4.0,Champions
C00139,245,7,27365.21,5,5,5,555,5.0,Champions
C00140,92,11,23306.010000000002,5,5,5,555,5.0,Champions
C00141,510,3,1029.94,2,2,2,222,2.0,Hibernating
C00142,636,5,2166.88,2,4,3,243,2.95,At Risk
C00143,1,5,2035.72,5,4,3,543,4.15,Champions
C00144,478,6,20382.510000000002,3,5,5,355,4.2,Loyal Customers
C00145,184,3,1007.1999999999999,5,2,2,522,3.2,New Customers
C00146,361,13,6166.96,4,5,4,454,4.35,Champions
C00147,365,2,927.59,4,1,2,412,2.45,New Customers
C00148,395,1,255.03,4,1,1,411,2.2,New Customers
C00149,417,3,1446.5900000000001,4,2,2,422,2.8,New Customers
C00150,516,4,1230.76,2,3,2,232,2.3499999999999996,At Risk
C00151,215,8,3502.13,5,5,4,554,4.75,Champions
C00152,389,4,2027.5800000000002,4,3,3,433,3.4,Loyal Customers
C00153,485,3,25076.44,3,2,5,325,3.1500000000000004,Promising
C00154,422,5,1918.38,3,4,3,343,3.35,Loyal Customers
C00155,92,3,13351.119999999999,5,2,4,524,3.7,New Customers
C00156,419,7,1916.51,4,5,3,453,4.1,Champions
C00157,851,2,320.6,1,1,1,111,1.0,Hibernating
C00158,574,2,5757.26,2,1,4,214,2.15,Hibernating
C00159,355,9,23713.72,5,5,5,555,5.0,Champions
C00160,31,7,3325.5299999999997,5,5,4,554,4.75,Champions
C00161,421,7,17099.940000000002,3,5,5,355,4.2,Loyal Customers
C00162,92,7,3374.67,5,5,4,554,4.75,Champions
C00163,449,7,24917.79,3,5,5,355,4.2,Loyal Customers
C00164,390,9,4811.87,4,5,4,454,4.35,Champions
C00165,276,5,3033.39,5,4,4,544,4.4,Champions
C00166,569,9,2984.34,2,5,4,254,3.55,At Risk
C00167,335,7,29326.65,5,5,5,555,5.0,Champions
C00168,385,7,48519.08,4,5,5,455,4.6,Champions
C00169,451,2,399.32000000000005,3,1,1,311,1.8000000000000003,Promising
C00170,154,7,4040.84,5,5,4,554,4.75,Champions
C00171,31,10,4635.32,5,5,4,554,4.75,Champions
C00172,518,4,14547.36,2,3,5,235,3.0999999999999996,At Risk
C00173,482,9,13379.210000000001,3,5,4,354,3.95,Loyal Customers
C00174,359,5,2432.26,5,4,3,543,4.15,Champions
C00175,92,4,2824.28,5,3,4,534,4.05,Loyal Customers
C00176,92,8,50042.45,5,5,5,555,5.0,Champions
C00177,355,6,1882.73,5,5,3,553,4.5,Champions
C00178,276,5,2523.05,5,4,3,543,4.15,Champions
C00179,510,3,1121.45,2,2,2,222,2.0,Hibernating
C00180,361,5,3310.73,4,4,4,444,4.0,Champions
C00181,304,3,557.32,5,2,1,521,2.95,New Customers
C00182,62,7,42950.54,5,5,5,555,5.0,Champions
C00183,574,6,3740.57,2,5,4,254,3.55,At Risk
C00184,454,9,28145.59,3,5,5,355,4.2,Loyal Customers
C00185,390,11,4851.62,4,5,4,454,4.35,Champions
C00186,62,4,1913.62,5,3,3,533,3.8,Loyal Customers
C00187,123,6,55950.89,5,5,5,555,5.0,Champions
C00188,215,9,24876.33,5,5,5,555,5.0,Champions
C00189,62,8,4159.91,5,5,4,554,4.75,Champions
C00190,215,6,22539.460000000003,5,5,5,555,5.0,Champions
C00191,356,7,3580.4,5,5,4,554,4.75,Champions
C00192,184,11,30044.85,5,5,5,555,5.0,Champions
C00193,427,3,6590.32,3,2,4,324,2.9000000000000004,Promising
C00194,632,5,14270.81,2,4,5,245,3.45,At Risk
C00195,569,7,5303.63,2,5,4,254,3.55,At Risk
C00196,389,7,2209.7799999999997,4,5,3,453,4.1,Champions
C00197,304,6,3254.99,5,5,4,554,4.75,Champions
C00198,787,2,342.5,1,1,1,111,1.0,Hibernating
C00199,394,13,4908.7,4,5,4,454,4.35,Champions
C00200,92,5,2911.66,5,4,4,544,4.4,Champions
C00201,355,5,2991.14,5,4,4,544,4.4,Champions
C00202,304,4,10531.789999999999,5,3,4,534,4.05,Loyal Customers
C00203,541,3,1039.71,2,2,2,222,2.0,Hibernating
C00204,92,4,22908.81,5,3,5,535,4.3,Loyal Customers
C00205,419,2,892.8,3,1,2,312,2.0500000000000003,Promising
C00206,452,6,3192.6800000000003,3,5,4,354,3.95,Loyal Customers
C00207,364,6,1963.77,4,5,3,453,4.1,Champions
C00208,479,6,11982.130000000001,3,5,4,354,3.95,Loyal Customers
C00209,477,3,50487.93,3,2,5,325,3.1500000000000004,Promising
C00210,385,6,2545.09,4,5,4,454,4.35,Champions
C00211,184,3,1488.69,5,2,2,522,3.2,New Customers
C00212,92,10,4426.76,5,5,4,554,4.75,Champions
C00213,390,6,28531.1,4,5,5,455,4.6,Champions
C00214,387,8,2253.75,4,5,3,453,4.1,Champions
C00215,364,6,9178.83,4,5,4,454,4.35,Champions
C00216,416,6,1348.48,4,5,2,452,3.85,Champions
C00217,723,3,1114.6100000000001,1,2,2,122,1.6,Hibernating
C00218,389,4,3189.86,4,3,4,434,3.65,Loyal Customers
C00219,639,5,8214.4,1,4,4,144,2.8,Cant Lose Them
C00220,215,4,2763.9500000000003,5,3,4,534,4.05,Loyal Customers
C00221,514,3,1758.82,2,2,3,223,2.25,Hibernating
C00222,395,7,2254.59,4,5,3,453,4.1,Champions
C00223,389,5,10235.07,4,4,4,444,4.0,Champions
C00224,418,3,2391.09,4,2,3,423,3.05,New Customers
C00225,425,6,21915.57,3,5,5,355,4.2,Loyal Customers
C00226,943,2,613.73,1,1,1,111,1.0,Hibernating
C00227,355,2,1346.73,5,1,2,512,2.85,New Customers
C00228,519,5,3223.43,2,4,4,244,3.2,At Risk
C00229,661,4,1050.23,1,3,2,132,1.9499999999999997,Lost
C00230,539,3,1284.31,2,2,2,222,2.0,Hibernating
C00231,516,3,2294.44,2,2,3,223,2.25,Hibernating
C00232,363,1,415.0,4,1,1,411,2.2,New Customers
C00233,365,5,4162.57,4,4,4,444,4.0,Champions
C00234,630,4,1318.3799999999999,2,3,2,232,2.3499999999999996,At Risk
C00235,510,4,17371.27,2,3,5,235,3.0999999999999996,At Risk
C00236,911,1,256.92,1,1,1,111,1.0,Hibernating
C00237,758,1,307.28999999999996,1,1,1,111,1.0,Hibernating
C00238,756,3,448.37,1,2,1,121,1.35,Hibernating
C00239,356,4,1673.6399999999999,5,3,3,533,3.8,Loyal Customers
C00241,446,7,2132.33,3,5,3,353,3.7,Loyal Customers
C00242,387,4,2116.66,4,3,3,433,3.4,Loyal Customers
C00243,662,4,1945.22,1,3,3,133,2.1999999999999997,Lost
C00246,454,7,2816.25,3,5,4,354,3.95,Loyal Customers
C00247,1063,1,385.88,1,1,1,111,1.0,Hibernating
C00248,419,4,23316.29,3,3,5,335,3.5,Loyal Customers
C00249,451,5,1431.2,3,4,2,342,3.1,Loyal Customers
C00250,215,2,625.0699999999999,5,1,1,511,2.6,New Customers
C00251,792,2,516.8,1,1,1,111,1.0,Hibernating
C00252,811,3,2023.1999999999998,1,2,3,123,1.85,Hibernating
C00253,451,5,19672.199999999997,3,4,5,345,3.85,Loyal Customers
C00254,636,6,1644.29,2,5,3,253,3.3,At Risk
C00255,783,3,680.14,1,2,1,121,1.35,Hibernating
C00256,579,5,1719.15,2,4,3,243,2.95,At Risk
C00257,425,3,1549.3200000000002,3,2,3,323,2.6500000000000004,Promising
C00258,451,4,8074.089999999999,3,3,4,334,3.25,Loyal Customers
C00259,514,3,760.9,2,2,2,222,2.0,Hibernating
C00260,62,7,15176.32,5,5,5,555,5.0,Champions
C00261,390,4,50385.49,4,3,5,435,3.9,Loyal Customers
C00262,417,7,4291.52,4,5,4,454,4.35,Champions
C00263,544,4,14650.91,2,3,5,235,3.0999999999999996,At Risk
C00264,356,3,14174.61,5,2,5,525,3.95,New Customers
C00265,422,6,2518.38,3,5,3,353,3.7,Loyal Customers
C00266,425,4,60054.73,3,3,5,335,3.5,Loyal Customers
C00267,394,4,1996.37,4,3,3,433,3.4,Loyal Customers
C00268,92,2,1693.8700000000001,5,1,3,513,3.1,New Customers
C00269,423,6,49568.170000000006,3,5,5,355,4.2,Loyal Customers
C00270,416,3,1523.69,4,2,3,423,3.05,New Customers
C00271,484,1,62.4,3,1,1,311,1.8000000000000003,Promising
C00272,572,4,1475.77,2,3,2,232,2.3499999999999996,At Risk
C00273,995,1,878.53,1,1,2,112,1.25,Hibernating
C00274,359,6,2947.08,5,5,4,554,4.75,Champions
C00275,355,5,26822.16,5,4,5,545,4.65,Champions
C00276,540,5,1359.79,2,4,2,242,2.7,At Risk
C00277,697,6,22030.829999999998,1,5,5,155,3.4,Cant Lose Them
C00278,392,3,590.1,4,2,1,421,2.55,New Customers
C00279,573,8,6936.33,2,5,4,254,3.55,At Risk
C00280,508,3,1432.58,3,2,2,322,2.4000000000000004,Promising
C00281,355,6,47584.78,5,5,5,555,5.0,Champions
C00282,357,4,969.96,5,3,2,532,3.55,Loyal Customers
C00283,457,5,2481.09,3,4,3,343,3.35,Loyal Customers
C00284,386,6,3512.88,4,5,4,454,4.35,Champions
C00285,599,5,2048.41,2,4,3,243,2.95,At Risk
C00286,184,5,1585.0,5,4,3,543,4.15,Champions
C00287,631,2,296.91999999999996,2,1,1,211,1.4,Hibernating
C00288,510,4,51433.45,2,3,5,235,3.0999999999999996,At Risk
C00289,449,4,2435.3,3,3,3,333,3.0,Loyal Customers
C00290,417,4,834.9,4,3,2,432,3.15,Loyal Customers
C00291,942,2,52409.84,1,1,5,115,2.0,Hibernating
C00292,417,5,1813.38,4,4,3,443,3.75,Champions
C00293,304,9,4544.1900000000005,5,5,4,554,4.75,Champions
C00294,485,4,11806.47,3,3,4,334,3.25,Loyal Customers
C00295,452,2,1034.2,3,1,2,312,2.0500000000000003,Promising
C00296,154,6,35525.5,5,5,5,555,5.0,Champions
C00297,721,1,676.5,1,1,1,111,1.0,Hibernating
C00298,689,2,409.2,1,1,1,111,1.0,Hibernating
C00299,510,7,2756.91,2,5,4,254,3.55,At Risk
C00300,488,4,1889.79,3,3,3,333,3.0,Loyal Customers
C00301,548,3,1267.04,2,2,2,222,2.0,Hibernating
C00302,509,2,1072.46,3,1,2,312,2.0500000000000003,Promising
C00303,519,4,1809.04,2,3,3,233,2.5999999999999996,At Risk
C00304,728,3,1197.6,1,2,2,122,1.6,Hibernating
C00305,518,5,1883.28,2,4,3,243,2.95,At Risk
C00306,387,2,838.3899999999999,4,1,2,412,2.45,New Customers
C00307,451,5,2900.45,3,4,4,344,3.6,Loyal Customers
C00308,539,3,1140.24,2,2,2,222,2.0,Hibernating
C00309,545,5,2475.16,2,4,3,243,2.95,At Risk
C00310,640,5,1032.58,1,4,2,142,2.3,Cant Lose Them
C00312,639,2,995.6400000000001,1,1,2,112,1.25,Hibernating
C00313,451,7,2758.3599999999997,3,5,4,354,3.95,Loyal Customers
C00314,516,4,23723.08,2,3,5,235,3.0999999999999996,At Risk
C00315,448,6,2878.5099999999998,3,5,4,354,3.95,Loyal Customers
C00316,481,4,1881.74,3,3,3,333,3.0,Loyal Customers
C00317,425,3,982.39,3,2,2,322,2.4000000000000004,Promising
C00318,485,2,947.5,3,1,2,312,2.0500000000000003,Promising
C00319,335,5,14675.509999999998,5,4,5,545,4.65,Champions
C00320,304,3,1158.51,5,2,2,522,3.2,New Customers
C00321,600,5,1114.42,2,4,2,242,2.7,At Risk
C00322,783,2,776.45,1,1,2,112,1.25,Hibernating
C00323,913,1,240.60000000000002,1,1,1,111,1.0,Hibernating
C00324,361,6,3804.83,4,5,4,454,4.35,Champions
C00325,385,1,782.56,4,1,2,412,2.45,New Customers
C00326,387,3,1288.18,4,2,2,422,2.8,New Customers
C00327,357,1,178.92000000000002,5,1,1,511,2.6,New Customers
C00328,548,4,2004.76,2,3,3,233,2.5999999999999996,At Risk
C00329,392,5,1936.38,4,4,3,443,3.75,Champions
C00330,843,1,450.98,1,1,1,111,1.0,Hibernating
C00331,304,6,3409.79,5,5,4,554,4.75,Champions
C00332,509,2,877.23,3,1,2,312,2.0500000000000003,Promising
C00333,631,4,1828.79,2,3,3,233,2.5999999999999996,At Risk
C00334,452,3,1754.68,3,2,3,323,2.6500000000000004,Promising
C00335,452,4,26957.96,3,3,5,335,3.5,Loyal Customers
C00336,393,5,50851.19,4,4,5,445,4.25,Champions
C00337,362,3,2539.9,4,2,4,424,3.3,New Customers
C00338,631,6,7374.27,2,5,4,254,3.55,At Risk
C00339,385,4,2067.35,4,3,3,433,3.4,Loyal Customers
C00340,360,6,2744.28,4,5,4,454,4.35,Champions
C00341,538,4,1666.92,2,3,3,233,2.5999999999999996,At Risk
C00342,513,4,52112.04,2,3,5,235,3.0999999999999996,At Risk
C00343,418,3,1859.79,4,2,3,423,3.05,New Customers
C00344,423,1,124.8,3,1,1,311,1.8000000000000003,Promising
C00345,1057,1,10194.57,1,1,4,114,1.75,Hibernating
C00346,690,1,200.44,1,1,1,111,1.0,Hibernating
C00347,630,5,1737.25,2,4,3,243,2.95,At Risk
C00348,92,3,14428.53,5,2,5,525,3.95,New Customers
C00349,355,3,640.35,5,2,1,521,2.95,New Customers
C00350,883,1,726.81,1,1,1,111,1.0,Hibernating
C00351,355,4,1694.97,5,3,3,533,3.8,Loyal Customers
C00352,418,2,590.12,4,1,1,411,2.2,New Customers
C00353,386,4,542.08,4,3,1,431,2.9,Loyal Customers
C00354,1,7,3859.25,5,5,4,554,4.75,Champions
C00355,912,2,702.06,1,1,1,111,1.0,Hibernating
C00356,602,2,600.6,2,1,1,211,1.4,Hibernating
C00357,386,5,45796.729999999996,4,4,5,445,4.25,Champions
C00358,418,2,13931.97,4,1,4,414,2.95,New Customers
C00359,365,6,2159.33,4,5,3,453,4.1,Champions
C00360,427,7,9716.81,3,5,4,354,3.95,Loyal Customers
C00361,576,4,18485.08,2,3,5,235,3.0999999999999996,At Risk
C00362,424,8,12550.880000000001,3,5,4,354,3.95,Loyal Customers
C00363,123,5,1746.98,5,4,3,543,4.15,Champions
C00364,359,6,36728.53,5,5,5,555,5.0,Champions
C00365,358,10,65834.19,5,5,5,555,5.0,Champions
C00366,937,2,786.2,1,1,2,112,1.25,Hibernating
C00367,421,7,4298.12,3,5,4,354,3.95,Loyal Customers
C00368,390,3,1423.47,4,2,2,422,2.8,New Customers
C00369,418,4,1327.12,4,3,2,432,3.15,Loyal Customers
C00370,356,6,3490.7,5,5,4,554,4.75,Champions
C00371,361,6,4028.04,4,5,4,454,4.35,Champions
C00372,355,5,13964.58,5,4,4,544,4.4,Champions
C00373,215,4,3085.24,5,3,4,534,4.05,Loyal Customers
C00374,578,2,679.78,2,1,1,211,1.4,Hibernating
C00375,478,3,1511.0500000000002,3,2,3,323,2.6500000000000004,Promising
C00376,394,4,2226.26,4,3,3,433,3.4,Loyal Customers
C00377,389,3,5694.43,4,2,4,424,3.3,New Customers
C00378,424,3,737.61,3,2,1,321,2.1500000000000004,Promising
C00379,154,6,2207.56,5,5,3,553,4.5,Champions
C00380,391,9,11575.21,4,5,4,454,4.35,Champions
C00381,696,4,917.8,1,3,2,132,1.9499999999999997,Lost
C00382,454,9,10776.45,3,5,4,354,3.95,Loyal Customers
C00383,386,6,2371.23,4,5,3,453,4.1,Champions
C00384,389,4,1977.0500000000002,4,3,3,433,3.4,Loyal Customers
C00385,454,6,50285.58,3,5,5,355,4.2,Loyal Customers
C00386,638,2,55365.05,1,1,5,115,2.0,Hibernating
C00387,416,3,1406.21,4,2,2,422,2.8,New Customers
C00388,910,1,172.71,1,1,1,111,1.0,Hibernating
C00389,540,6,17607.2,2,5,5,255,3.8,At Risk
C00390,662,3,2118.7,1,2,3,123,1.85,Hibernating
C00391,549,1,628.5600000000001,2,1,1,211,1.4,Hibernating
C00392,394,6,2509.0,4,5,3,453,4.1,Champions
C00393,936,2,690.98,1,1,1,111,1.0,Hibernating
C00394,639,2,1243.8899999999999,1,1,2,112,1.25,Hibernating
C00395,423,2,1119.78,3,1,2,312,2.0500000000000003,Promising
C00396,479,2,405.52,3,1,1,311,1.8000000000000003,Promising
C00397,485,5,3484.39,3,4,4,344,3.6,Loyal Customers
C00398,540,4,20761.489999999998,2,3,5,235,3.0999999999999996,At Risk
C00399,454,2,1521.4299999999998,3,1,3,313,2.3000000000000003,Promising
C00400,123,9,49907.200000000004,5,5,5,555,5.0,Champions
C00401,599,3,1274.6,2,2,2,222,2.0,Hibernating
C00402,446,3,1686.58,3,2,3,323,2.6500000000000004,Promising
C00403,453,4,1616.72,3,3,3,333,3.0,Loyal Customers
C00404,450,4,2225.24,3,3,3,333,3.0,Loyal Customers
C00405,361,6,2568.65,4,5,4,454,4.35,Champions
C00406,844,2,823.35,1,1,2,112,1.25,Hibernating
C00407,842,2,772.8,1,1,2,112,1.25,Hibernating
C00408,388,7,48882.94,4,5,5,455,4.6,Champions
C00409,943,1,17125.2,1,1,5,115,2.0,Hibernating
C00410,542,4,8886.27,2,3,4,234,2.8499999999999996,At Risk
C00411,387,5,2497.5299999999997,4,4,3,443,3.75,Champions
C00412,335,7,5078.52,5,5,4,554,4.75,Champions
C00413,123,4,56202.25,5,3,5,535,4.3,Loyal Customers
C00414,509,3,1192.79,3,2,2,322,2.4000000000000004,Promising
C00415,184,3,809.4300000000001,5,2,2,522,3.2,New Customers
C00416,518,3,1687.19,2,2,3,223,2.25,Hibernating
C00417,386,4,3073.76,4,3,4,434,3.65,Loyal Customers
C00418,395,2,30824.18,4,1,5,415,3.2,New Customers
C00419,519,4,1185.27,2,3,2,232,2.3499999999999996,At Risk
C00420,423,6,1697.91,3,5,3,353,3.7,Loyal Customers
C00421,569,2,686.34,2,1,1,211,1.4,Hibernating
C00422,425,3,2753.02,3,2,4,324,2.9000000000000004,Promising
C00423,387,5,1753.02,4,4,3,443,3.75,Champions
C00424,184,4,1511.3000000000002,5,3,3,533,3.8,Loyal Customers
C00425,486,4,558.47,3,3,1,331,2.5,Loyal Customers
C00426,519,3,38382.47,2,2,5,225,2.75,Hibernating
C00427,478,5,9212.51,3,4,4,344,3.6,Loyal Customers
C00428,422,5,1568.63,3,4,3,343,3.35,Loyal Customers
C00429,358,6,59989.04,5,5,5,555,5.0,Champions
C00430,515,1,176.95,2,1,1,211,1.4,Hibernating
C00431,811,4,25690.87,1,3,5,135,2.6999999999999997,Lost
C00432,304,3,972.09,5,2,2,522,3.2,New Customers
C00433,519,4,1919.02,2,3,3,233,2.5999999999999996,At Risk
C00434,638,2,1308.85,1,1,2,112,1.25,Hibernating
C00435,356,3,1618.5300000000002,5,2,3,523,3.45,New Customers
C00436,360,4,11455.82,4,3,4,434,3.65,Loyal Customers
C00437,385,4,1557.05,4,3,3,433,3.4,Loyal Customers
C00438,575,2,442.24,2,1,1,211,1.4,Hibernating
C00439,573,5,46795.27,2,4,5,245,3.45,At Risk
C00440,542,2,8434.69,2,1,4,214,2.15,Hibernating
C00441,451,5,2249.18,3,4,3,343,3.35,Loyal Customers
C00442,509,5,59045.829999999994,2,4,5,245,3.45,At Risk
C00443,123,5,2484.06,5,4,3,543,4.15,Champions
C00444,636,4,2217.2,2,3,3,233,2.5999999999999996,At Risk
C00445,635,3,1154.6299999999999,2,2,2,222,2.0,Hibernating
C00446,427,4,2040.22,3,3,3,333,3.0,Loyal Customers
C00447,487,4,2810.79,3,3,4,334,3.25,Loyal Customers
C00448,427,7,2496.34,3,5,3,353,3.7,Loyal Customers
C00449,449,5,3034.27,3,4,4,344,3.6,Loyal Customers
C00450,360,2,435.84000000000003,4,1,1,411,2.2,New Customers
C00451,731,1,362.5,1,1,1,111,1.0,Hibernating
C00452,424,5,29394.829999999998,3,4,5,345,3.85,Loyal Customers
C00453,359,5,1750.69,5,4,3,543,4.15,Champions
C00454,426,3,2220.28,3,2,3,323,2.6500000000000004,Promising
C00455,604,2,54966.85,2,1,5,215,2.4,Hibernating
C00456,388,2,1471.25,4,1,2,412,2.45,New Customers
C00457,480,3,3199.0600000000004,3,2,4,324,2.9000000000000004,Promising
C00458,421,4,2338.89,3,3,3,333,3.0,Loyal Customers
C00459,608,4,1543.8,2,3,3,233,2.5999999999999996,At Risk
C00460,478,3,17774.78,3,2,5,325,3.1500000000000004,Promising
C00461,508,4,1969.3600000000001,3,3,3,333,3.0,Loyal Customers
C00462,154,6,12725.710000000001,5,5,4,554,4.75,Champions
C00463,355,7,2755.95,5,5,4,554,4.75,Champions
C00464,362,3,1589.42,4,2,3,423,3.05,New Customers
C00465,447,4,7224.95,3,3,4,334,3.25,Loyal Customers
C00466,357,4,1347.26,5,3,2,532,3.55,Loyal Customers
C00467,388,5,1755.62,4,4,3,443,3.75,Champions
C00468,576,3,1385.78,2,2,2,222,2.0,Hibernating
C00469,425,6,2201.27,3,5,3,353,3.7,Loyal Customers
C00470,481,8,7400.17,3,5,4,354,3.95,Loyal Customers
C00471,362,9,22960.77,4,5,5,455,4.6,Champions
C00472,62,6,38506.670000000006,5,5,5,555,5.0,Champions
C00473,355,3,10630.4,5,2,4,524,3.7,New Customers
C00474,417,4,2451.0099999999998,4,3,3,433,3.4,Loyal Customers
C00475,453,3,1141.44,3,2,2,322,2.4000000000000004,Promising
C00476,569,7,50250.25,2,5,5,255,3.8,At Risk
C00477,542,6,21771.98,2,5,5,255,3.8,At Risk
C00478,359,4,2537.03,5,3,4,534,4.05,Loyal Customers
C00479,416,2,1865.72,4,1,3,413,2.7,New Customers
C00480,335,4,1395.09,5,3,2,532,3.55,Loyal Customers
C00481,484,4,1945.46,3,3,3,333,3.0,Loyal Customers
C00483,31,5,75181.57,5,4,5,545,4.65,Champions
C00484,215,6,2059.01,5,5,3,553,4.5,Champions
C00485,154,3,1757.88,5,2,3,523,3.45,New Customers
C00486,607,3,1589.55,2,2,3,223,2.25,Hibernating
C00487,421,2,1295.58,3,1,2,312,2.0500000000000003,Promising
C00488,575,6,3670.98,2,5,4,254,3.55,At Risk
C00489,389,11,4730.110000000001,4,5,4,454,4.35,Champions
C00490,392,3,30443.199999999997,4,2,5,425,3.55,New Customers
C00491,92,6,4127.5,5,5,4,554,4.75,Champions
C00492,486,2,986.1,3,1,2,312,2.0500000000000003,Promising
C00493,482,3,1906.11,3,2,3,323,2.6500000000000004,Promising
C00494,731,3,937.22,1,2,2,122,1.6,Hibernating
C00495,448,6,2020.27,3,5,3,353,3.7,Loyal Customers
C00496,665,5,2803.6,1,4,4,144,2.8,Cant Lose Them
C00497,393,6,2567.4,4,5,4,454,4.35,Champions
C00498,482,3,760.13,3,3,1,331,2.5,Loyal Customers
C00499,787,3,1753.5,1,3,3,133,2.1999999999999997,Lost
C00501,723,1,183.6,1,1,1,111,1.0,Hibernating
C00502,631,5,2184.56,2,4,3,243,2.95,At Risk
C00503,754,1,260.69,1,1,1,111,1.0,Hibernating
C00504,446,7,3157.73,3,5,4,354,3.95,Loyal Customers
C00505,453,5,3112.4199999999996,3,4,4,344,3.6,Loyal Customers
C00506,548,3,1173.81,2,3,2,232,2.3499999999999996,At Risk
C00507,605,2,42968.11,2,1,5,215,2.4,Hibernating
C00508,573,2,724.71,2,1,1,211,1.4,Hibernating
C00509,335,10,5012.74,5,5,4,554,4.75,Champions
C00510,358,5,1006.52,5,4,2,542,3.9,Champions
C00511,449,8,16524.49,3,5,5,355,4.2,Loyal Customers
C00512,304,6,47261.22,5,5,5,555,5.0,Champions
C00513,758,4,2234.97,1,3,3,133,2.1999999999999997,Lost
C00514,815,3,849.3299999999999,1,3,2,132,1.9499999999999997,Lost
C00515,335,4,59718.670000000006,5,3,5,535,4.3,Loyal Customers
C00516,446,2,1083.54,3,1,2,312,2.0500000000000003,Promising
C00517,359,5,2790.9900000000002,5,4,4,544,4.4,Champions
C00518,362,5,77890.34,4,4,5,445,4.25,Champions
C00519,418,2,904.74,4,1,2,412,2.45,New Customers
C00520,883,2,20664.36,1,1,5,115,2.0,Hibernating
C00521,570,2,840.74,2,2,2,222,2.0,Hibernating
C00522,449,10,5567.28,3,5,4,354,3.95,Loyal Customers
C00523,425,7,73131.69,3,5,5,355,4.2,Loyal Customers
C00524,720,2,518.78,1,2,1,121,1.35,Hibernating
C00525,487,6,3488.65,3,5,4,354,3.95,Loyal Customers
C00526,1,8,56386.35,5,5,5,555,5.0,Champions
C00527,335,2,137.65,5,2,1,521,2.95,New Customers
C00528,355,3,1402.48,5,3,2,532,3.55,Loyal Customers
C00529,447,4,32516.350000000002,3,3,5,335,3.5,Loyal Customers
C00530,361,3,1956.93,4,3,3,433,3.4,Loyal Customers
C00531,1024,2,664.6800000000001,1,2,1,121,1.35,Hibernating
C00532,1,5,1748.8600000000001,5,4,3,543,4.15,Champions
C00533,758,3,2016.85,1,3,3,133,2.1999999999999997,Lost
C00534,630,1,465.29999999999995,2,1,1,211,1.4,Hibernating
C00535,542,3,957.23,2,3,2,232,2.3499999999999996,At Risk
C00536,358,5,2075.06,5,4,3,543,4.15,Champions
C00537,543,4,1437.6299999999999,2,3,2,232,2.3499999999999996,At Risk
C00539,363,6,21008.21,4,5,5,455,4.6,Champions
C00540,365,8,3018.97,4,5,4,454,4.35,Champions
C00541,694,8,13717.71,1,5,4,154,3.15,Cant Lose Them
C00542,1005,1,401.0,1,1,1,111,1.0,Hibernating
C00543,510,3,2030.1100000000001,2,3,3,233,2.5999999999999996,At Risk
C00544,758,5,2521.43,1,4,3,143,2.55,Cant Lose Them
C00545,694,4,55062.02,1,3,5,135,2.6999999999999997,Lost
C00546,608,6,50413.78,2,5,5,255,3.8,At Risk
C00547,451,3,1199.63,3,3,2,332,2.75,Loyal Customers
C00548,390,2,412.0,4,2,1,421,2.55,New Customers
C00550,549,5,3235.58,2,4,4,244,3.2,At Risk
C00551,694,5,28397.359999999997,1,4,5,145,3.05,Cant Lose Them
C00552,426,3,5251.29,3,3,4,334,3.25,Loyal Customers
C00553,478,2,673.08,3,2,1,321,2.1500000000000004,Promising
C00554,427,3,1075.55,3,3,2,332,2.75,Loyal Customers
C00555,481,5,7786.2699999999995,3,4,4,344,3.6,Loyal Customers
C00556,184,3,1029.55,5,3,2,532,3.55,Loyal Customers
C00557,422,3,1236.47,3,3,2,332,2.75,Loyal Customers
C00558,519,4,896.84,2,3,2,232,2.3499999999999996,At Risk
C00559,386,5,2856.71,4,4,4,444,4.0,Champions
C00560,545,4,922.5699999999999,2,3,2,232,2.3499999999999996,At Risk
C00561,608,2,24273.16,2,2,5,225,2.75,Hibernating
C00563,427,3,46521.079999999994,3,3,5,335,3.5,Loyal Customers
C00564,660,3,55748.2,1,3,5,135,2.6999999999999997,Lost
C00565,452,8,4114.36,3,5,4,354,3.95,Loyal Customers
C00566,123,5,1683.1,5,4,3,543,4.15,Champions
C00567,387,4,2175.82,4,3,3,433,3.4,Loyal Customers
C00568,385,3,2251.83,4,3,3,433,3.4,Loyal Customers
C00569,576,2,1010.74,2,2,2,222,2.0,Hibernating
C00570,547,6,9262.09,2,5,4,254,3.55,At Risk
C00571,364,4,14233.08,4,3,5,435,3.9,Loyal Customers
C00572,388,3,1260.97,4,3,2,432,3.15,Loyal Customers
C00573,425,7,3071.84,3,5,4,354,3.95,Loyal Customers
C00574,355,7,44428.119999999995,5,5,5,555,5.0,Champions
C00575,906,1,61.2,1,1,1,111,1.0,Hibernating
C00576,451,5,47106.25,3,4,5,345,3.85,Loyal Customers
C00577,605,4,1713.73,2,3,3,233,2.5999999999999996,At Risk
C00578,453,5,2104.85,3,4,3,343,3.35,Loyal Customers
C00579,669,4,2459.7200000000003,1,3,3,133,2.1999999999999997,Lost
C00580,389,7,62574.53999999999,4,5,5,455,4.6,Champions
C00581,385,4,1153.9,4,3,2,432,3.15,Loyal Customers
C00582,604,5,51286.5,2,4,5,245,3.45,At Risk
C00583,304,5,24410.4,5,4,5,545,4.65,Champions
C00584,417,3,1496.1,4,3,2,432,3.15,Loyal Customers
C00585,154,5,2483.64,5,4,3,543,4.15,Champions
C00586,361,6,2878.59,4,5,4,454,4.35,Champions
C00587,363,4,30708.19,4,3,5,435,3.9,Loyal Customers
C00588,788,2,980.35,1,2,2,122,1.6,Hibernating
C00589,578,3,7808.09,2,3,4,234,2.8499999999999996,At Risk
C00590,304,5,2236.13,5,4,3,543,4.15,Champions
C00591,361,7,3341.87,4,5,4,454,4.35,Champions
C00592,544,2,730.96,2,2,1,221,1.75,Hibernating
C00593,579,1,309.95,2,1,1,211,1.4,Hibernating
C00594,602,3,868.53,2,3,2,232,2.3499999999999996,At Risk
C00595,362,5,14269.55,4,4,5,445,4.25,Champions
C00596,425,5,18228.7,3,4,5,345,3.85,Loyal Customers
C00597,304,4,2249.45,5,3,3,533,3.8,Loyal Customers
C00598,449,9,9078.09,3,5,4,354,3.95,Loyal Customers
C00599,450,3,1647.57,3,3,3,333,3.0,Loyal Customers
C00600,390,2,7346.34,4,2,4,424,3.3,New Customers
C00601,394,7,21092.57,4,5,5,455,4.6,Champions
C00602,518,4,14517.5,2,3,5,235,3.0999999999999996,At Risk
C00603,359,5,14980.05,5,4,5,545,4.65,Champions
C00604,665,4,1819.38,1,3,3,133,2.1999999999999997,Lost
C00605,446,3,20485.18,3,3,5,335,3.5,Loyal Customers
C00606,515,2,1437.76,2,2,2,222,2.0,Hibernating
C00607,538,5,9095.05,2,4,4,244,3.2,At Risk
C00608,357,9,4481.23,5,5,4,554,4.75,Champions
C00609,355,4,2450.03,5,3,3,533,3.8,Loyal Customers
C00610,394,2,1303.05,4,2,2,422,2.8,New Customers
C00611,638,4,1051.27,1,3,2,132,1.9499999999999997,Lost
C00612,512,3,961.46,2,3,2,232,2.3499999999999996,At Risk
C00613,418,4,2866.38,4,3,4,434,3.65,Loyal Customers
C00614,394,4,1351.78,4,3,2,432,3.15,Loyal Customers
C00615,385,4,1753.69,4,3,3,433,3.4,Loyal Customers
C00616,356,6,2994.3199999999997,5,5,4,554,4.75,Champions
C00617,578,5,41018.060000000005,2,4,5,245,3.45,At Risk
C00618,631,4,7574.6,2,3,4,234,2.8499999999999996,At Risk
C00619,570,2,1501.44,2,2,2,222,2.0,Hibernating
C00620,426,7,4254.21,3,5,4,354,3.95,Loyal Customers
C00621,578,2,27688.49,2,2,5,225,2.75,Hibernating
C00622,215,3,1270.81,5,3,2,532,3.55,Loyal Customers
C00623,692,4,25883.39,1,4,5,145,3.05,Cant Lose Them
C00624,722,4,25747.88,1,4,5,145,3.05,Cant Lose Them
C00625,355,5,1767.18,5,4,3,543,4.15,Champions
C00626,631,4,1355.83,2,4,2,242,2.7,At Risk
C00627,720,6,23110.52,1,5,5,155,3.4,Cant Lose Them
C00629,123,7,3025.35,5,5,4,554,4.75,Champions
C00630,364,5,19506.8,4,4,5,445,4.25,Champions
C00631,421,5,85866.32,3,4,5,345,3.85,Loyal Customers
C00632,539,3,12016.51,2,3,4,234,2.8499999999999996,At Risk
C00633,691,1,1010.9200000000001,1,1,2,112,1.25,Hibernating
C00634,419,6,3006.79,3,5,4,354,3.95,Loyal Customers
C00635,363,5,76745.99,4,4,5,445,4.25,Champions
C00636,361,3,616.25,4,3,1,431,2.9,Loyal Customers
C00637,538,4,3274.23,2,4,4,244,3.2,At Risk
C00638,360,4,3086.2799999999997,4,4,4,444,4.0,Champions
C00639,641,3,2851.73,1,3,4,134,2.4499999999999997,Lost
C00641,421,5,14598.140000000001,3,4,5,345,3.85,Loyal Customers
C00642,215,6,3375.9,5,5,4,554,4.75,Champions
C00643,366,8,18513.899999999998,4,5,5,455,4.6,Champions
C00644,912,2,692.8499999999999,1,2,1,121,1.35,Hibernating
C00646,1,6,3435.51,5,5,4,554,4.75,Champions
C00647,811,1,46.24,1,1,1,111,1.0,Hibernating
C00648,515,5,2453.86,2,4,3,243,2.95,At Risk
C00649,513,6,2819.94,2,5,4,254,3.55,At Risk
C00650,665,2,378.8,1,2,1,121,1.35,Hibernating
C00651,450,5,2604.87,3,4,4,344,3.6,Loyal Customers
C00652,421,7,56038.18,3,5,5,355,4.2,Loyal Customers
C00653,510,5,1920.77,2,4,3,243,2.95,At Risk
C00654,607,3,906.21,2,3,2,232,2.3499999999999996,At Risk
C00655,540,4,2317.51,2,4,3,243,2.95,At Risk
C00656,601,2,1473.17,2,2,2,222,2.0,Hibernating
C00657,511,3,10843.31,2,3,4,234,2.8499999999999996,At Risk
C00658,608,3,1477.3300000000002,2,3,2,232,2.3499999999999996,At Risk
C00659,669,3,1023.25,1,3,2,132,1.9499999999999997,Lost
C00660,818,4,1890.7,1,4,3,143,2.55,Cant Lose Them
C00661,362,5,3592.19,4,4,4,444,4.0,Champions
C00662,276,5,1949.71,5,4,3,543,4.15,Champions
C00663,123,6,2183.25,5,5,3,553,4.5,Champions
C00664,385,3,445.88,4,3,1,431,2.9,Loyal Customers
C00665,454,7,43305.159999999996,3,5,5,355,4.2,Loyal Customers
C00666,389,9,11849.539999999999,4,5,4,454,4.35,Champions
C00667,541,3,27001.079999999998,2,3,5,235,3.0999999999999996,At Risk
C00668,418,3,858.97,4,3,2,432,3.15,Loyal Customers
C00669,1,3,2072.98,5,3,3,533,3.8,Loyal Customers
C00670,457,3,1397.99,3,3,2,332,2.75,Loyal Customers
C00671,599,5,2071.17,2,4,3,243,2.95,At Risk
C00672,692,3,1624.44,1,3,3,133,2.1999999999999997,Lost
C00673,518,2,1672.23,2,2,3,223,2.25,Hibernating
C00674,390,7,15401.96,4,5,5,455,4.6,Champions
C00675,394,9,4144.73,4,5,4,454,4.35,Champions
C00676,359,2,699.81,5,2,1,521,2.95,New Customers
C00677,848,2,18620.56,1,2,5,125,2.35,Hibernating
C00678,358,3,918.1899999999999,5,3,2,532,3.55,Loyal Customers
C00679,363,3,1144.0,4,3,2,432,3.15,Loyal Customers
C00680,391,6,27215.44,4,5,5,455,4.6,Champions
C00681,690,1,65.15,1,1,1,111,1.0,Hibernating
C00682,394,5,4006.12,4,4,4,444,4.0,Champions
C00683,245,4,959.49,5,4,2,542,3.9,Champions
C00684,658,4,1532.3,1,4,3,143,2.55,Cant Lose Them
C00685,728,3,425.0,1,3,1,131,1.6999999999999997,Lost
C00687,635,3,1107.19,2,3,2,232,2.3499999999999996,At Risk
C00688,362,6,44695.8,4,5,5,455,4.6,Champions
C00689,788,4,2315.27,1,4,3,143,2.55,Cant Lose Them
C00690,580,4,46014.84,2,4,5,245,3.45,At Risk
C00691,335,6,17387.55,5,5,5,555,5.0,Champions
C00692,509,3,2205.89,2,3,3,233,2.5999999999999996,At Risk
C00693,487,6,56131.65,3,5,5,355,4.2,Loyal Customers
C00694,479,5,1502.67,3,4,2,342,3.1,Loyal Customers
C00695,355,5,16215.25,5,4,5,545,4.65,Champions
C00696,904,1,184.5,1,1,1,111,1.0,Hibernating
C00697,448,4,1814.02,3,4,3,343,3.35,Loyal Customers
C00698,665,5,3981.15,1,4,4,144,2.8,Cant Lose Them
C00699,509,6,2968.07,2,5,4,254,3.55,At Risk
C00700,335,4,36226.3,5,4,5,545,4.65,Champions
C00701,421,4,1420.4299999999998,3,4,2,342,3.1,Loyal Customers
C00702,385,5,28660.8,4,4,5,445,4.25,Champions
C00703,569,2,650.79,2,2,1,221,1.75,Hibernating
C00704,385,4,1884.58,4,4,3,443,3.75,Champions
C00705,386,3,1692.32,4,3,3,433,3.4,Loyal Customers
C00706,607,1,474.76,2,1,1,211,1.4,Hibernating
C00707,576,4,1578.86,2,4,3,243,2.95,At Risk
C00708,123,7,14903.46,5,5,5,555,5.0,Champions
C00709,215,7,5307.49,5,5,4,554,4.75,Champions
C00710,364,5,55812.02,4,4,5,445,4.25,Champions
C00711,395,3,1040.42,4,3,2,432,3.15,Loyal Customers
C00712,755,2,1059.93,1,2,2,122,1.6,Hibernating
C00713,575,2,992.1,2,2,2,222,2.0,Hibernating
C00714,601,3,1584.74,2,3,3,233,2.5999999999999996,At Risk
C00715,387,4,1219.1899999999998,4,4,2,442,3.5,Champions
C00716,362,6,1691.75,4,5,3,453,4.1,Champions
C00717,385,7,18431.53,4,5,5,455,4.6,Champions
C00718,386,5,18647.760000000002,4,4,5,445,4.25,Champions
C00719,355,10,56979.44,5,5,5,555,5.0,Champions
C00720,424,3,1618.23,3,3,3,333,3.0,Loyal Customers
C00721,483,5,1820.53,3,4,3,343,3.35,Loyal Customers
C00722,453,2,1409.73,3,2,2,322,2.4000000000000004,Promising
C00723,488,5,1746.03,3,4,3,343,3.35,Loyal Customers
C00724,541,5,824.16,2,4,2,242,2.7,At Risk
C00725,843,2,769.9300000000001,1,2,2,122,1.6,Hibernating
C00726,358,2,1649.63,5,2,3,523,3.45,New Customers
C00727,154,3,1935.51,5,3,3,533,3.8,Loyal Customers
C00728,451,3,1152.94,3,3,2,332,2.75,Loyal Customers
C00729,390,3,1022.78,4,3,2,432,3.15,Loyal Customers
C00730,335,7,3791.8,5,5,4,554,4.75,Champions
C00731,358,8,2629.7799999999997,5,5,4,554,4.75,Champions
C00732,608,3,1046.2,2,3,2,232,2.3499999999999996,At Risk
C00733,358,5,27527.25,5,4,5,545,4.65,Champions
C00734,356,6,2169.11,5,5,3,553,4.5,Champions
C00735,454,4,1936.46,3,4,3,343,3.35,Loyal Customers
C00736,154,5,54166.9,5,4,5,545,4.65,Champions
C00737,517,5,1231.98,2,4,2,242,2.7,At Risk
C00738,813,1,967.7,1,1,2,112,1.25,Hibernating
C00739,852,3,1435.41,1,3,2,132,1.9499999999999997,Lost
C00740,123,3,5945.6900000000005,5,3,4,534,4.05,Loyal Customers
C00741,449,2,1128.43,3,2,2,322,2.4000000000000004,Promising
C00742,359,11,4629.13,5,5,4,554,4.75,Champions
C00743,417,5,2064.8399999999997,4,4,3,443,3.75,Champions
C00744,660,3,29738.1,1,3,5,135,2.6999999999999997,Lost
C00745,421,4,2418.7599999999998,3,4,3,343,3.35,Loyal Customers
C00746,393,3,1907.1699999999998,4,3,3,433,3.4,Loyal Customers
C00747,510,4,1922.0900000000001,2,4,3,243,2.95,At Risk
C00748,396,5,3037.19,4,4,4,444,4.0,Champions
C00749,416,4,1306.0,4,4,2,442,3.5,Champions
C00750,482,6,17714.49,3,5,5,355,4.2,Loyal Customers
C00751,426,2,240.99,3,2,1,321,2.1500000000000004,Promising
C00752,390,8,5570.57,4,5,4,454,4.35,Champions
C00753,599,2,15983.119999999999,2,2,5,225,2.75,Hibernating
C00754,361,7,3430.63,4,5,4,454,4.35,Champions
C00755,512,5,1591.1200000000001,2,4,3,243,2.95,At Risk
C00756,416,1,33068.28,4,1,5,415,3.2,New Customers
C00757,569,4,1992.4,2,4,3,243,2.95,At Risk
C00758,638,4,21912.86,1,4,5,145,3.05,Cant Lose Them
C00759,939,2,513.25,1,2,1,121,1.35,Hibernating
C00760,482,2,693.89,3,2,1,321,2.1500000000000004,Promising
C00761,304,11,2762.86,5,5,4,554,4.75,Champions
C00762,574,3,922.94,2,3,2,232,2.3499999999999996,At Risk
C00764,335,4,56880.25,5,4,5,545,4.65,Champions
C00765,720,3,1215.26,1,3,2,132,1.9499999999999997,Lost
C00766,1059,1,147.54,1,1,1,111,1.0,Hibernating
C00767,362,7,21977.15,4,5,5,455,4.6,Champions
C00768,446,4,2002.6100000000001,3,4,3,343,3.35,Loyal Customers
C00769,362,6,55805.740000000005,4,5,5,455,4.6,Champions
C00770,479,2,1811.37,3,2,3,323,2.6500000000000004,Promising
C00771,356,6,26502.95,5,5,5,555,5.0,Champions
C00772,452,3,1537.75,3,3,3,333,3.0,Loyal Customers
C00773,363,6,17710.1,4,5,5,455,4.6,Champions
C00774,914,1,355.0,1,1,1,111,1.0,Hibernating
C00775,847,1,507.5,1,1,1,111,1.0,Hibernating
C00776,660,1,63.15,1,1,1,111,1.0,Hibernating
C00777,695,3,1356.97,1,3,2,132,1.9499999999999997,Lost
C00778,484,1,194.84,3,1,1,311,1.8000000000000003,Promising
C00779,154,2,553.26,5,2,1,521,2.95,New Customers
C00780,514,5,3071.08,2,4,4,244,3.2,At Risk
C00781,481,2,1151.0,3,2,2,322,2.4000000000000004,Promising
C00782,637,7,8782.49,1,5,4,154,3.15,Cant Lose Them
C00783,446,2,20092.27,3,2,5,325,3.1500000000000004,Promising
C00784,819,1,60.45,1,1,1,111,1.0,Hibernating
C00785,123,7,4262.85,5,5,4,554,4.75,Champions
C00786,632,4,1998.1599999999999,2,4,3,243,2.95,At Risk
C00787,486,5,1444.21,3,4,2,342,3.1,Loyal Customers
C00788,572,2,1168.99,2,2,2,222,2.0,Hibernating
C00789,123,6,1417.53,5,5,2,552,4.25,Champions
C00790,571,5,24421.6,2,4,5,245,3.45,At Risk
C00791,421,7,3522.47,3,5,4,354,3.95,Loyal Customers
C00792,452,4,1697.98,3,4,3,343,3.35,Loyal Customers
C00793,393,1,881.88,4,1,2,412,2.45,New Customers
C00794,419,6,2960.44,3,5,4,354,3.95,Loyal Customers
C00795,517,6,1832.86,2,5,3,253,3.3,At Risk
C00796,361,4,1177.71,4,4,2,442,3.5,Champions
C00797,487,2,12771.44,3,2,4,324,2.9000000000000004,Promising
C00798,448,4,13555.51,3,4,4,344,3.6,Loyal Customers
C00799,363,2,1004.26,4,2,2,422,2.8,New Customers
C00800,575,6,3495.66,2,5,4,254,3.55,At Risk
C00801,422,6,2193.62,3,5,3,353,3.7,Loyal Customers
C00802,1,5,48430.72,5,4,5,545,4.65,Champions
C00803,485,3,995.49,3,3,2,332,2.75,Loyal Customers
C00804,453,4,2010.53,3,4,3,343,3.35,Loyal Customers
C00805,357,6,49030.43,5,5,5,555,5.0,Champions
C00806,517,6,1348.8,2,5,2,252,3.05,At Risk
C00807,391,1,27270.13,4,1,5,415,3.2,New Customers
C00808,362,8,27089.480000000003,4,5,5,455,4.6,Champions
C00809,452,5,71468.56999999999,3,4,5,345,3.85,Loyal Customers
C00810,416,3,18086.22,4,3,5,435,3.9,Loyal Customers
C00811,485,3,589.76,3,3,1,331,2.5,Loyal Customers
C00812,357,3,1792.1999999999998,5,3,3,533,3.8,Loyal Customers
C00813,427,4,1181.46,3,4,2,342,3.1,Loyal Customers
C00814,423,4,33229.86,3,4,5,345,3.85,Loyal Customers
C00815,276,2,341.04999999999995,5,2,1,521,2.95,New Customers
C00816,358,5,17488.68,5,4,5,545,4.65,Champions
C00817,538,4,1709.08,2,4,3,243,2.95,At Risk
C00818,847,2,1315.99,1,2,2,122,1.6,Hibernating
C00819,637,2,713.61,1,2,1,121,1.35,Hibernating
C00820,605,3,27713.7,2,3,5,235,3.0999999999999996,At Risk
C00821,123,6,5531.08,5,5,4,554,4.75,Champions
C00822,276,5,17657.52,5,4,5,545,4.65,Champions
C00823,385,5,2209.3,4,4,3,443,3.75,Champions
C00824,450,6,22057.23,3,5,5,355,4.2,Loyal Customers
C00825,359,5,1945.2,5,4,3,543,4.15,Champions
C00826,452,4,1338.38,3,4,2,342,3.1,Loyal Customers
C00827,513,2,686.56,2,2,1,221,1.75,Hibernating
C00828,512,1,169.16,2,1,1,211,1.4,Hibernating
C00829,276,5,1691.66,5,4,3,543,4.15,Champions
C00830,365,5,1383.76,4,4,2,442,3.5,Champions
C00831,488,3,748.69,3,3,1,331,2.5,Loyal Customers
C00832,509,2,774.84,2,2,2,222,2.0,Hibernating
C00833,390,7,24165.370000000003,4,5,5,455,4.6,Champions
C00834,573,3,671.09,2,3,1,231,2.0999999999999996,At Risk
C00835,448,2,951.34,3,2,2,322,2.4000000000000004,Promising
C00836,304,3,640.38,5,3,1,531,3.3,Loyal Customers
C00837,355,4,2723.76,5,4,4,544,4.4,Champions
C00838,485,2,28724.54,3,2,5,325,3.1500000000000004,Promising
C00839,509,4,2982.4,2,4,4,244,3.2,At Risk
C00840,418,6,91523.95,4,5,5,455,4.6,Champions
C00841,730,3,33064.74,1,3,5,135,2.6999999999999997,Lost
C00842,304,8,11352.1,5,5,4,554,4.75,Champions
C00843,364,6,8299.79,4,5,4,454,4.35,Champions
C00844,630,3,1757.72,2,3,3,233,2.5999999999999996,At Risk
C00845,386,4,2175.36,4,4,3,443,3.75,Champions
C00846,359,6,3263.29,5,5,4,554,4.75,Champions
C00847,457,7,11232.35,3,5,4,354,3.95,Loyal Customers
C00849,446,5,2891.12,3,4,4,344,3.6,Loyal Customers
C00850,636,4,2521.38,2,4,3,243,2.95,At Risk
C00851,632,3,1630.02,2,3,3,233,2.5999999999999996,At Risk
C00852,386,4,53971.84,4,4,5,445,4.25,Champions
C00853,364,4,1934.73,4,4,3,443,3.75,Champions
C00854,361,4,6978.34,4,4,4,444,4.0,Champions
C00855,390,2,1972.41,4,2,3,423,3.05,New Customers
C00856,92,7,4043.46,5,5,4,554,4.75,Champions
C00857,727,2,770.4300000000001,1,2,2,122,1.6,Hibernating
C00858,513,4,765.36,2,4,2,242,2.7,At Risk
C00859,304,7,3579.35,5,5,4,554,4.75,Champions
C00860,446,5,46490.44,3,4,5,345,3.85,Loyal Customers
C00861,335,2,2410.79,5,2,3,523,3.45,New Customers
C00862,789,1,13072.66,1,1,4,114,1.75,Hibernating
C00864,945,1,628.0,1,1,1,111,1.0,Hibernating
C00865,815,1,641.04,1,1,1,111,1.0,Hibernating
C00868,607,3,677.54,2,3,1,231,2.0999999999999996,At Risk
C00869,913,1,646.6099999999999,1,1,1,111,1.0,Hibernating
C00870,692,2,15448.75,1,2,5,125,2.35,Hibernating
C00872,480,3,1582.04,3,3,3,333,3.0,Loyal Customers
C00873,669,1,710.7,1,1,1,111,1.0,Hibernating
C00874,426,1,247.8,3,1,1,311,1.8000000000000003,Promising
C00875,516,2,1115.98,2,2,2,222,2.0,Hibernating
C00876,601,3,1018.25,2,3,2,232,2.3499999999999996,At Risk
C00877,417,1,131.88,4,1,1,411,2.2,New Customers
C00878,641,2,1463.8400000000001,1,2,2,122,1.6,Hibernating
C00879,482,2,1406.15,3,2,2,322,2.4000000000000004,Promising
C00880,480,1,830.02,3,1,2,312,2.0500000000000003,Promising
C00881,880,1,1239.67,1,1,2,112,1.25,Hibernating
C00882,417,1,446.26,4,1,1,411,2.2,New Customers
C00883,245,3,758.07,5,3,1,531,3.3,Loyal Customers
C00884,448,2,1159.99,3,2,2,322,2.4000000000000004,Promising
C00885,570,1,44816.4,2,1,5,215,2.4,Hibernating
C00886,877,1,432.96,1,1,1,111,1.0,Hibernating
C00887,1055,2,307.54,1,2,1,121,1.35,Hibernating
C00888,389,1,544.7,4,1,1,411,2.2,New Customers
C00889,395,2,1190.83,4,2,2,422,2.8,New Customers
C00891,547,1,538.2,2,1,1,211,1.4,Hibernating
C00892,358,1,273.0,5,1,1,511,2.6,New Customers
C00893,914,1,210.0,1,1,1,111,1.0,Hibernating
C00894,454,2,586.5799999999999,3,2,1,321,2.1500000000000004,Promising
C00895,721,3,1689.22,1,3,3,133,2.1999999999999997,Lost
C00896,539,3,29478.300000000003,2,3,5,235,3.0999999999999996,At Risk
C00898,541,2,726.67,2,2,1,221,1.75,Hibernating
C00899,638,2,1433.26,1,2,2,122,1.6,Hibernating
C00900,355,1,55344.26,5,1,5,515,3.6,New Customers
C00901,576,2,401.52,2,2,1,221,1.75,Hibernating
C00902,417,2,660.9100000000001,4,2,1,421,2.55,New Customers
C00904,968,1,259.46000000000004,1,1,1,111,1.0,Hibernating
C00905,359,2,481.32,5,2,1,521,2.95,New Customers
C00906,355,1,963.92,5,1,2,512,2.85,New Customers
C00908,874,1,501.52,1,1,1,111,1.0,Hibernating
C00909,388,4,2431.01,4,4,3,443,3.75,Champions
C00910,698,2,1189.14,1,2,2,122,1.6,Hibernating
C00912,385,4,18149.83,4,4,5,445,4.25,Champions
C00913,393,1,535.35,4,1,1,411,2.2,New Customers
C00915,756,2,406.8,1,2,1,121,1.35,Hibernating
C00916,389,7,6467.36,4,5,4,454,4.35,Champions
C00917,390,3,1446.95,4,3,2,432,3.15,Loyal Customers
C00918,1001,1,4702.81,1,1,4,114,1.75,Hibernating
C00919,843,2,420.81,1,2,1,121,1.35,Hibernating
C00920,355,3,862.49,5,3,2,532,3.55,Loyal Customers
C00921,660,2,793.16,1,2,2,122,1.6,Hibernating
C00925,417,2,1307.27,4,2,2,422,2.8,New Customers
C00926,603,2,277.78,2,2,1,221,1.75,Hibernating
C00927,574,3,35386.53,2,3,5,235,3.0999999999999996,At Risk
C00928,486,1,833.1800000000001,3,1,2,312,2.0500000000000003,Promising
C00929,359,3,984.76,5,3,2,532,3.55,Loyal Customers
C00930,357,4,1686.78,5,4,3,543,4.15,Champions
C00931,544,3,13162.970000000001,2,3,4,234,2.8499999999999996,At Risk
C00933,387,3,955.6299999999999,4,3,2,432,3.15,Loyal Customers
C00934,973,1,314.57000000000005,1,1,1,111,1.0,Hibernating
C00935,1064,1,693.4300000000001,1,1,1,111,1.0,Hibernating
C00936,1026,1,163.6,1,1,1,111,1.0,Hibernating
C00937,998,1,1067.43,1,1,2,112,1.25,Hibernating
C00939,452,3,2065.64,3,3,3,333,3.0,Loyal Customers
C00940,1035,1,160.0,1,1,1,111,1.0,Hibernating
C00941,848,2,1112.54,1,2,2,122,1.6,Hibernating
C00942,698,1,270.39,1,1,1,111,1.0,Hibernating
C00945,542,3,2195.8199999999997,2,3,3,233,2.5999999999999996,At Risk
C00946,783,1,286.81,1,1,1,111,1.0,Hibernating
C00948,451,2,1082.3,3,2,2,322,2.4000000000000004,Promising
C00949,852,1,10700.41,1,1,4,114,1.75,Hibernating
C00950,729,2,1164.63,1,2,2,122,1.6,Hibernating
C00951,514,2,327.08,2,2,1,221,1.75,Hibernating
C00952,417,2,890.58,4,2,2,422,2.8,New Customers
C00955,812,2,724.9200000000001,1,2,1,121,1.35,Hibernating
C00956,607,1,591.38,2,1,1,211,1.4,Hibernating
C00958,388,3,25684.14,4,3,5,435,3.9,Loyal Customers
C00959,512,1,388.83,2,1,1,211,1.4,Hibernating
C00961,786,1,1078.94,1,1,2,112,1.25,Hibernating
C00962,569,3,1394.6599999999999,2,3,2,232,2.3499999999999996,At Risk
C00963,364,4,10574.13,4,4,4,444,4.0,Champions
C00964,514,2,1529.65,2,2,3,223,2.25,Hibernating
C00965,640,2,1348.92,1,2,2,122,1.6,Hibernating
C00967,1063,1,423.15,1,1,1,111,1.0,Hibernating
C00968,730,1,90.22,1,1,1,111,1.0,Hibernating
C00970,569,1,1099.8,2,1,2,212,1.65,Hibernating
C00971,914,1,45.0,1,1,1,111,1.0,Hibernating
C00972,366,4,1268.77,4,4,2,442,3.5,Champions
C00973,660,2,940.13,1,2,2,122,1.6,Hibernating
C00974,395,3,2269.02,4,3,3,433,3.4,Loyal Customers
C00975,853,2,21970.66,1,2,5,125,2.35,Hibernating
C00976,1066,1,335.0,1,1,1,111,1.0,Hibernating
C00977,578,1,703.8000000000001,2,1,1,211,1.4,Hibernating
C00978,720,1,297.98,1,1,1,111,1.0,Hibernating
C00979,394,2,15822.17,4,2,5,425,3.55,New Customers
C00981,789,1,775.78,1,1,2,112,1.25,Hibernating
C00982,31,3,1526.02,5,3,3,533,3.8,Loyal Customers
C00984,417,2,1355.32,4,2,2,422,2.8,New Customers
C00985,421,2,85.46000000000001,3,2,1,321,2.1500000000000004,Promising
C00986,724,2,441.64,1,2,1,121,1.35,Hibernating
C00988,487,4,48471.82,3,4,5,345,3.85,Loyal Customers
C00989,814,1,255.0,1,1,1,111,1.0,Hibernating
C00990,873,1,339.85,1,1,1,111,1.0,Hibernating
C00991,605,2,691.74,2,2,1,221,1.75,Hibernating
C00992,486,2,1876.1699999999998,3,2,3,323,2.6500000000000004,Promising
C00993,726,1,293.62,1,1,1,111,1.0,Hibernating
C00994,519,2,1725.99,2,2,3,223,2.25,Hibernating
C00995,755,1,598.83,1,1,1,111,1.0,Hibernating
C00998,365,5,3298.71,4,4,4,444,4.0,Champions
C00999,792,1,125.0,1,1,1,111,1.0,Hibernating
C01001,363,4,1228.81,4,4,2,442,3.5,Champions
C01002,752,2,605.5899999999999,1,2,1,121,1.35,Hibernating
C01003,609,1,464.62,2,1,1,211,1.4,Hibernating
C01004,359,1,350.91999999999996,5,1,1,511,2.6,New Customers
C01005,668,2,668.84,1,2,1,121,1.35,Hibernating
C01006,1024,1,164.4,1,1,1,111,1.0,Hibernating
C01007,697,1,22783.32,1,1,5,115,2.0,Hibernating
C01008,539,2,6222.76,2,2,4,224,2.5,Hibernating
C01009,389,3,1027.19,4,3,2,432,3.15,Loyal Customers
C01010,575,3,49767.16,2,3,5,235,3.0999999999999996,At Risk
C01011,940,1,653.06,1,1,1,111,1.0,Hibernating
C01012,513,2,10228.42,2,2,4,224,2.5,Hibernating
C01013,512,3,910.78,2,3,2,232,2.3499999999999996,At Risk
C01014,966,1,30183.7,1,1,5,115,2.0,Hibernating
C01016,753,2,1374.46,1,2,2,122,1.6,Hibernating
C01017,154,3,7768.63,5,3,4,534,4.05,Loyal Customers
C01018,538,2,423.74,2,2,1,221,1.75,Hibernating
C01019,387,1,134.3,4,1,1,411,2.2,New Customers
C01020,942,1,95.71,1,1,1,111,1.0,Hibernating
C01021,389,3,1320.49,4,3,2,432,3.15,Loyal Customers
C01022,477,3,904.37,3,3,2,332,2.75,Loyal Customers
C01023,848,1,1571.38,1,1,3,113,1.5,Hibernating
C01024,973,1,356.77,1,1,1,111,1.0,Hibernating
C01025,419,4,5705.160000000001,3,4,4,344,3.6,Loyal Customers
C01026,358,3,1559.93,5,3,3,533,3.8,Loyal Customers
C01027,996,1,123.0,1,1,1,111,1.0,Hibernating
C01028,358,1,111.56,5,1,1,511,2.6,New Customers
C01029,426,2,986.4300000000001,3,2,2,322,2.4000000000000004,Promising
C01030,510,2,47321.86,2,2,5,225,2.75,Hibernating
C01031,641,1,58.71,1,1,1,111,1.0,Hibernating
C01034,517,2,50208.4,2,2,5,225,2.75,Hibernating
C01035,386,2,984.73,4,2,2,422,2.8,New Customers
C01038,487,1,813.35,3,1,2,312,2.0500000000000003,Promising
C01039,425,4,1835.88,3,4,3,343,3.35,Loyal Customers
C01040,426,2,142.65,3,2,1,321,2.1500000000000004,Promising
C01041,1003,1,156.16,1,1,1,111,1.0,Hibernating
C01042,636,3,1731.8400000000001,2,3,3,233,2.5999999999999996,At Risk
C01043,184,3,699.6800000000001,5,3,1,531,3.3,Loyal Customers
C01045,665,2,673.17,1,2,1,121,1.35,Hibernating
C01047,847,2,893.1999999999999,1,2,2,122,1.6,Hibernating
C01048,603,1,47.14,2,1,1,211,1.4,Hibernating
C01049,510,2,1191.0400000000002,2,2,2,222,2.0,Hibernating
C01051,602,2,2103.21,2,2,3,223,2.25,Hibernating
C01052,365,5,3814.39,4,4,4,444,4.0,Champions
C01054,571,1,722.54,2,1,1,211,1.4,Hibernating
C01055,514,5,9022.65,2,4,4,244,3.2,At Risk
C01059,600,1,150.33,2,1,1,211,1.4,Hibernating
C01061,781,1,348.07,1,1,1,111,1.0,Hibernating
C01062,640,2,408.9,1,2,1,121,1.35,Hibernating
C01063,813,1,531.7,1,1,1,111,1.0,Hibernating
C01064,359,3,722.51,4,3,1,431,2.9,Loyal Customers
C01066,848,2,1255.29,1,2,2,122,1.6,Hibernating
C01067,757,2,427.87,1,2,1,121,1.35,Hibernating
C01068,851,1,152.76,1,1,1,111,1.0,Hibernating
C01070,910,1,651.45,1,1,1,111,1.0,Hibernating
C01071,608,3,7618.5599999999995,2,3,4,234,2.8499999999999996,At Risk
C01072,729,1,829.12,1,1,2,112,1.25,Hibernating
C01073,636,1,99.04,1,1,1,111,1.0,Hibernating
C01074,385,5,1912.67,4,4,3,443,3.75,Champions
C01075,518,3,1650.13,2,3,3,233,2.5999999999999996,At Risk
C01076,1059,1,427.36,1,1,1,111,1.0,Hibernating
C01077,450,1,794.5400000000001,3,1,2,312,2.0500000000000003,Promising
C01079,726,2,1145.82,1,2,2,122,1.6,Hibernating
C01080,451,2,693.0899999999999,3,2,1,321,2.1500000000000004,Promising
C01082,304,2,602.96,5,2,1,521,2.95,New Customers
C01084,1,1,249.10000000000002,5,1,1,511,2.6,New Customers
C01085,482,2,710.2,3,2,1,321,2.1500000000000004,Promising
C01086,1057,1,58.48,1,1,1,111,1.0,Hibernating
C01087,540,2,16820.09,2,2,5,225,2.75,Hibernating
C01089,975,1,277.31,1,1,1,111,1.0,Hibernating
C01090,545,3,1507.72,2,3,3,233,2.5999999999999996,At Risk
C01091,1025,2,816.45,1,2,2,122,1.6,Hibernating
C01092,418,1,13383.34,4,1,4,414,2.95,New Customers
C01093,937,1,663.0,1,1,1,111,1.0,Hibernating
C01094,1031,1,142.21,1,1,1,111,1.0,Hibernating
C01095,391,2,1268.17,4,2,2,422,2.8,New Customers
C01096,903,2,723.87,1,2,1,121,1.35,Hibernating
C01097,453,5,11833.97,3,4,4,344,3.6,Loyal Customers
C01098,669,2,258.4,1,2,1,121,1.35,Hibernating
C01099,304,2,604.84,5,2,1,521,2.95,New Customers
C01100,669,2,555.97,1,2,1,121,1.35,Hibernating
C01101,633,2,667.29,2,2,1,221,1.75,Hibernating
C01102,364,2,351.11,4,2,1,421,2.55,New Customers
C01103,847,2,633.29,1,2,1,121,1.35,Hibernating
C01104,724,2,7669.02,1,2,4,124,2.1,Hibernating
C01105,876,2,1017.03,1,2,2,122,1.6,Hibernating
C01106,549,1,525.3,2,1,1,211,1.4,Hibernating
C01107,395,2,1184.75,4,2,2,422,2.8,New Customers
C01108,485,2,502.35,3,2,1,321,2.1500000000000004,Promising
C01109,516,1,526.02,2,1,1,211,1.4,Hibernating
C01112,215,2,15845.199999999999,5,2,5,525,3.95,New Customers
C01113,1027,1,24480.0,1,1,5,115,2.0,Hibernating
C01114,509,3,826.91,2,3,2,232,2.3499999999999996,At Risk
C01116,545,3,25317.460000000003,2,3,5,235,3.0999999999999996,At Risk
C01117,92,2,1942.6599999999999,5,2,3,523,3.45,New Customers
C01118,245,1,196.1,5,1,1,511,2.6,New Customers
C01119,304,2,220.5,5,2,1,521,2.95,New Customers
C01120,385,1,660.95,4,1,1,411,2.2,New Customers
C01121,515,3,1666.91,2,3,3,233,2.5999999999999996,At Risk
C01123,516,1,568.3,2,1,1,211,1.4,Hibernating
C01124,479,1,547.3,3,1,1,311,1.8000000000000003,Promising
C01125,937,2,29242.56,1,2,5,125,2.35,Hibernating
C01126,631,1,564.4100000000001,2,1,1,211,1.4,Hibernating
C01128,479,1,403.9,3,1,1,311,1.8000000000000003,Promising
C01130,449,1,603.75,3,1,1,311,1.8000000000000003,Promising
C01131,604,3,2095.46,2,3,3,233,2.5999999999999996,At Risk
C01132,422,2,1270.92,3,2,2,322,2.4000000000000004,Promising
C01133,457,3,55520.07,3,3,5,335,3.5,Loyal Customers
C01134,819,2,732.7,1,2,1,121,1.35,Hibernating
C01136,784,2,658.99,1,2,1,121,1.35,Hibernating
C01138,693,1,270.52,1,1,1,111,1.0,Hibernating
C01139,540,4,1535.47,2,4,3,243,2.95,At Risk
C01140,577,1,249.0,2,1,1,211,1.4,Hibernating
C01141,1,2,1571.3100000000002,5,2,3,523,3.45,New Customers
C01142,335,3,589.55,5,3,1,531,3.3,Loyal Customers
C01143,967,1,203.49,1,1,1,111,1.0,Hibernating
C01144,761,2,1260.0,1,2,2,122,1.6,Hibernating
C01147,721,2,1283.18,1,2,2,122,1.6,Hibernating
C01149,873,1,275.63,1,1,1,111,1.0,Hibernating
C01150,882,1,783.9,1,1,2,112,1.25,Hibernating
C01151,215,3,14606.82,5,3,5,535,4.3,Loyal Customers
C01152,542,1,381.28999999999996,2,1,1,211,1.4,Hibernating
C01153,482,3,724.76,3,3,1,331,2.5,Loyal Customers
C01154,359,1,62.85,4,1,1,411,2.2,New Customers
C01155,358,2,744.0699999999999,5,2,1,521,2.95,New Customers
C01156,304,2,19592.0,5,2,5,525,3.95,New Customers
C01157,417,2,2472.33,4,2,3,423,3.05,New Customers
C01159,457,2,1096.86,3,2,2,322,2.4000000000000004,Promising
C01160,691,3,26146.920000000002,1,3,5,135,2.6999999999999997,Lost
C01161,517,3,1918.31,2,3,3,233,2.5999999999999996,At Risk
C01162,576,3,1537.3,2,3,3,233,2.5999999999999996,At Risk
C01163,630,1,444.15,2,1,1,211,1.4,Hibernating
C01165,487,2,1957.9,3,2,3,323,2.6500000000000004,Promising
C01166,484,1,150.8,3,1,1,311,1.8000000000000003,Promising
C01167,1000,2,448.7,1,2,1,121,1.35,Hibernating
C01170,455,1,645.01,3,1,1,311,1.8000000000000003,Promising
C01172,995,1,708.98,1,1,1,111,1.0,Hibernating
C01173,304,3,1061.27,5,3,2,532,3.55,Loyal Customers
C01174,661,1,546.0,1,1,1,111,1.0,Hibernating
C01175,966,1,961.1500000000001,1,1,2,112,1.25,Hibernating
C01177,874,1,258.3,1,1,1,111,1.0,Hibernating
C01178,608,1,165.6,2,1,1,211,1.4,Hibernating
C01179,844,1,812.8900000000001,1,1,2,112,1.25,Hibernating
C01182,1062,1,1048.3799999999999,1,1,2,112,1.25,Hibernating
C01183,479,2,814.77,3,2,2,322,2.4000000000000004,Promising
C01184,847,2,427.09999999999997,1,2,1,121,1.35,Hibernating
C01185,873,2,49166.97,1,2,5,125,2.35,Hibernating
C01186,510,1,482.3,2,1,1,211,1.4,Hibernating
C01187,481,3,1540.03,3,3,3,333,3.0,Loyal Customers
C01188,423,4,49918.91,3,4,5,345,3.85,Loyal Customers
C01189,355,1,1195.5,5,1,2,512,2.85,New Customers
C01190,304,1,343.44,5,1,1,511,2.6,New Customers
C01191,690,2,871.11,1,2,2,122,1.6,Hibernating
C01193,62,2,1243.89,5,2,2,522,3.2,New Customers
C01194,689,2,938.9,1,2,2,122,1.6,Hibernating
C01195,451,2,1104.82,3,2,2,322,2.4000000000000004,Promising
C01197,813,1,194.26999999999998,1,1,1,111,1.0,Hibernating
C01199,729,3,1111.45,1,3,2,132,1.9499999999999997,Lost
C01200,964,1,621.64,1,1,1,111,1.0,Hibernating
