ClienteID,Ventas_Total,Tickets,Productos,Primera_Compra,Ultima_Compra,Antiguedad_Cliente_Dias,Ticket_Promedio
C00000,500565.61,157,46,2024-01-01,2026-12-01,1065,3188.3159872611463
C00001,3578.08,6,15,2024-10-10,2025-09-01,326,596.3466666666667
C00002,27181.25,3,9,2024-06-03,2025-04-09,310,9060.416666666666
C00003,1367.24,6,9,2024-01-02,2025-12-09,707,227.87333333333333
C00004,61518.96,8,14,2024-07-05,2025-10-01,453,7689.87
C00005,2547.34,6,8,2025-03-01,2025-12-02,276,424.5566666666667
C00006,2683.96,7,10,2024-05-01,2025-10-03,520,383.42285714285714
C00007,2203.49,4,9,2024-07-08,2025-12-09,519,550.8725
C00008,2512.7,5,12,2024-02-08,2026-12-01,1027,502.53999999999996
C00009,22822.719999999998,5,12,2024-01-11,2026-02-01,752,4564.544
C00010,3373.19,6,12,2024-09-02,2026-08-01,698,562.1983333333334
C00011,1002.23,4,5,2024-03-10,2025-10-09,578,250.5575
C00012,1068.65,2,5,2024-03-02,2024-07-02,122,534.325
C00013,20795.02,4,10,2024-02-02,2025-10-01,607,5198.755
C00014,15796.619999999999,5,12,2024-10-11,2025-10-09,363,3159.3239999999996
C00015,1961.0,5,6,2024-01-03,2025-04-02,455,392.2
C00016,15541.07,3,3,2025-02-09,2025-06-08,119,5180.356666666667
C00017,7232.3,7,11,2024-01-07,2025-12-03,696,1033.1857142857143
C00018,32893.07,2,3,2024-09-08,2025-05-06,240,16446.535
C00019,2463.37,5,11,2024-02-07,2025-05-03,451,492.674
C00020,2784.92,6,11,2024-03-04,2025-02-09,342,464.15333333333336
C00021,2268.2000000000003,6,7,2024-02-08,2025-11-06,637,378.03333333333336
C00022,3386.96,8,16,2024-01-11,2025-09-08,606,423.37
C00023,19069.55,5,11,2024-07-06,2025-12-06,518,3813.91
C00024,18034.2,6,11,2024-02-02,2026-02-01,730,3005.7000000000003
C00025,1989.48,5,11,2024-05-12,2025-10-11,517,397.896
C00026,2214.98,5,8,2024-03-04,2025-10-02,577,442.996
C00027,3408.44,9,16,2024-02-04,2026-05-01,817,378.71555555555557
C00028,48859.21,5,9,2024-03-10,2026-08-01,874,9771.842
C00029,2909.48,5,11,2024-11-05,2025-12-03,393,581.896
C00030,4579.0,1,1,2024-05-08,2024-05-08,0,4579.0
C00031,2785.6400000000003,6,12,2024-06-05,2025-12-02,545,464.27333333333337
C00032,4223.33,6,15,2024-09-05,2025-12-09,460,703.8883333333333
C00033,621.96,3,4,2024-08-02,2025-09-03,397,207.32000000000002
C00034,25867.44,6,14,2024-03-08,2025-11-02,604,4311.24
C00035,15584.93,3,6,2024-08-10,2025-07-11,335,5194.9766666666665
C00036,2343.2799999999997,4,6,2024-07-06,2025-12-09,521,585.8199999999999
C00037,2718.09,6,9,2024-08-02,2025-10-01,425,453.01500000000004
C00038,45028.4,6,11,2024-04-01,2025-07-03,458,7504.733333333334
C00039,1203.54,3,4,2024-09-03,2025-04-02,211,401.18
C00040,20061.79,5,8,2024-05-06,2025-12-05,578,4012.358
C00041,3669.33,7,16,2024-02-10,2025-11-12,641,524.1899999999999
C00042,83444.46,5,13,2024-02-11,2025-05-11,455,16688.892
C00043,1882.64,6,7,2024-04-06,2025-12-06,609,313.77333333333337
C00044,2445.51,4,9,2024-09-01,2025-07-09,311,611.3775
C00045,1294.8600000000001,4,5,2024-06-05,2025-06-10,370,323.71500000000003
C00046,2570.25,7,12,2024-01-11,2025-12-09,698,367.17857142857144
C00047,1727.5500000000002,3,9,2024-01-11,2026-01-01,721,575.85
C00048,1445.47,4,6,2024-04-04,2025-07-04,456,361.3675
C00049,2786.21,5,10,2024-01-08,2026-10-01,997,557.242
C00050,5934.63,9,16,2024-02-08,2026-02-01,724,659.4033333333333
C00051,24289.15,6,14,2024-01-03,2025-12-11,708,4048.191666666667
C00052,25700.25,6,13,2024-04-04,2025-09-06,520,4283.375
C00053,1764.7,5,9,2024-06-09,2026-05-01,691,352.94
C00054,3533.27,6,16,2024-03-07,2025-05-08,427,588.8783333333333
C00055,16092.98,5,10,2024-03-01,2026-10-01,944,3218.596
C00056,3969.44,7,18,2024-04-06,2025-12-03,606,567.0628571428572
C00057,1849.29,4,8,2024-04-07,2025-12-06,608,462.3225
C00058,2611.23,6,11,2024-01-02,2026-11-01,1034,435.205
C00059,42032.63,5,13,2024-02-12,2025-11-11,638,8406.526
C00060,64935.299999999996,8,14,2024-02-05,2026-05-01,816,8116.912499999999
C00061,3305.87,8,12,2024-08-01,2025-12-05,491,413.23375
C00062,26287.22,4,11,2024-02-02,2025-02-10,374,6571.805
C00063,32234.49,9,18,2024-02-05,2025-12-05,669,3581.61
C00064,24129.1,8,16,2024-02-01,2025-12-09,677,3016.1375
C00065,3241.92,5,9,2024-08-05,2025-08-11,371,648.384
C00066,47566.01,4,6,2024-04-10,2025-08-02,479,11891.5025
C00067,2216.57,6,12,2024-02-01,2025-02-09,374,369.42833333333334
C00068,99.51,1,1,2025-02-08,2025-02-08,0,99.51
C00069,2564.36,5,11,2024-06-02,2025-12-10,556,512.8720000000001
C00070,1513.8600000000001,6,6,2024-01-01,2025-07-04,550,252.31000000000003
C00071,13061.09,3,5,2025-03-06,2025-09-07,185,4353.696666666667
C00072,1902.2,4,6,2024-01-10,2025-09-12,611,475.55
C00073,2191.54,6,12,2024-01-08,2025-11-12,674,365.25666666666666
C00074,3922.43,8,14,2024-01-05,2025-09-06,610,490.30375
C00075,28521.85,5,13,2024-03-06,2025-12-09,643,5704.37
C00076,2560.12,8,14,2024-06-08,2026-10-01,845,320.015
C00077,2985.46,5,11,2024-04-07,2025-11-11,583,597.092
C00078,1601.01,5,9,2024-10-08,2025-07-01,266,320.202
C00079,498.62,2,4,2024-07-02,2024-07-10,8,249.31
C00080,2917.09,6,14,2024-07-04,2026-09-01,789,486.1816666666667
C00081,2399.17,6,12,2024-05-12,2025-12-12,579,399.8616666666667
C00082,4429.33,7,16,2024-02-05,2024-09-05,213,632.7614285714286
C00083,9170.12,3,8,2025-01-02,2025-08-12,222,3056.706666666667
C00084,966.97,2,5,2024-09-05,2024-12-08,94,483.485
C00085,1688.67,4,8,2025-01-03,2025-06-01,149,422.1675
C00086,1364.58,2,4,2024-09-08,2026-02-01,511,682.29
C00087,14718.36,4,10,2024-02-10,2025-12-02,661,3679.59
C00088,812.45,2,3,2024-05-11,2025-09-05,482,406.225
C00089,31003.62,6,12,2024-06-09,2025-12-12,551,5167.2699999999995
C00090,10331.47,7,13,2024-07-02,2026-11-01,852,1475.9242857142856
C00091,1932.4,7,7,2024-01-11,2026-08-01,933,276.0571428571429
C00092,3339.34,6,11,2024-01-11,2025-08-05,572,556.5566666666667
C00093,2631.82,6,13,2024-10-07,2025-11-08,397,438.6366666666667
C00094,35891.09,6,14,2024-03-07,2025-12-12,645,5981.848333333332
C00095,50463.149999999994,7,12,2024-01-10,2025-11-12,672,7209.021428571427
C00096,2039.21,6,12,2024-04-07,2025-12-05,607,339.86833333333334
C00097,69672.31999999999,12,17,2024-01-01,2025-11-01,670,5806.026666666666
C00098,130.94,1,1,2025-10-08,2025-10-08,0,130.94
C00099,2509.44,5,12,2024-02-05,2025-08-09,551,501.88800000000003
C00100,15307.44,8,12,2024-03-04,2026-10-01,941,1913.43
C00101,3835.87,8,12,2024-02-08,2025-08-05,544,479.48375
C00102,33714.35,8,12,2024-05-02,2026-06-01,760,4214.29375
C00103,14464.4,6,12,2024-03-05,2025-11-04,609,2410.733333333333
C00104,1469.31,3,5,2024-04-07,2025-10-12,553,489.77
C00105,7126.129999999999,2,5,2024-09-05,2025-12-08,459,3563.0649999999996
C00106,1516.08,4,6,2024-05-10,2025-12-04,573,379.02
C00107,358.1,2,3,2025-05-06,2025-08-01,87,179.05
C00108,1191.22,2,4,2024-04-10,2025-06-09,425,595.61
C00109,7687.41,5,8,2024-02-09,2025-10-11,610,1537.482
C00110,10063.84,9,15,2024-05-11,2025-11-08,546,1118.2044444444446
C00111,399.28000000000003,1,2,2024-07-10,2024-07-10,0,399.28000000000003
C00112,12261.46,2,5,2025-07-03,2025-11-08,128,6130.73
C00113,578.94,3,5,2024-07-06,2025-05-06,304,192.98000000000002
C00114,45199.5,4,8,2024-05-02,2025-08-08,463,11299.875
C00115,805.28,3,7,2024-09-12,2025-08-08,330,268.4266666666667
C00116,18608.39,7,11,2024-03-04,2025-09-12,557,2658.3414285714284
C00117,2288.86,6,10,2024-05-06,2025-11-06,549,381.4766666666667
C00118,66400.73,9,13,2024-07-08,2026-12-01,876,7377.858888888888
C00119,3987.32,5,9,2024-09-03,2025-08-10,341,797.464
C00120,3695.83,6,14,2024-06-12,2026-06-01,719,615.9716666666667
C00121,4255.66,8,13,2024-06-11,2025-12-08,545,531.9575
C00122,1580.35,3,7,2025-01-12,2025-10-11,272,526.7833333333333
C00123,1174.45,5,8,2024-01-02,2025-02-06,401,234.89000000000001
C00124,3460.37,5,13,2024-02-02,2025-07-02,516,692.074
C00125,846.53,3,6,2025-05-09,2025-11-02,177,282.1766666666667
C00126,1771.69,3,9,2024-07-03,2026-08-01,759,590.5633333333334
C00127,3436.21,7,11,2024-05-07,2025-09-09,490,490.88714285714286
C00128,3916.32,7,17,2024-04-09,2025-11-09,579,559.4742857142858
C00129,2442.39,4,10,2024-03-02,2025-09-04,551,610.5975
C00130,1458.03,2,6,2025-08-04,2026-07-01,331,729.015
C00131,2938.0699999999997,7,13,2024-02-08,2025-11-11,642,419.72428571428566
C00132,359.43,1,3,2024-07-06,2024-07-06,0,359.43
C00133,1483.11,2,5,2024-10-02,2025-01-10,100,741.555
C00134,17742.870000000003,3,5,2025-02-11,2025-08-02,172,5914.290000000001
C00135,2100.75,5,10,2024-02-07,2025-12-08,670,420.15
C00136,29045.05,6,13,2024-02-05,2025-09-12,585,4840.841666666666
C00137,46.57,1,1,2025-05-03,2025-05-03,0,46.57
C00138,2916.0899999999997,5,11,2024-02-02,2025-11-01,638,583.218
C00139,27365.21,7,11,2024-01-08,2026-04-01,814,3909.315714285714
C00140,23306.010000000002,11,14,2024-01-04,2026-09-01,971,2118.728181818182
C00141,1029.94,3,5,2024-03-05,2025-07-10,492,343.31333333333333
C00142,2166.88,5,10,2024-06-05,2025-03-06,274,433.37600000000003
C00143,2035.72,5,10,2024-02-05,2026-12-01,1030,407.144
C00144,20382.510000000002,6,10,2024-02-07,2025-08-11,551,3397.0850000000005
C00145,1007.1999999999999,3,4,2025-03-06,2026-06-01,452,335.7333333333333
C00146,6166.96,13,21,2024-01-05,2025-12-06,701,474.38153846153847
C00147,927.59,2,4,2024-09-03,2025-12-02,455,463.795
C00148,255.03,1,1,2025-11-02,2025-11-02,0,255.03
C00149,1446.5900000000001,3,7,2024-11-07,2025-10-11,338,482.1966666666667
C00150,1230.76,4,7,2024-11-05,2025-07-04,241,307.69
C00151,3502.13,8,13,2024-11-04,2026-05-01,543,437.76625
C00152,2027.5800000000002,4,9,2024-03-09,2025-11-08,609,506.89500000000004
C00153,25076.44,3,7,2024-03-08,2025-08-04,514,8358.813333333334
C00154,1918.38,5,9,2024-06-08,2025-10-06,485,383.67600000000004
C00155,13351.119999999999,3,5,2024-07-08,2026-09-01,785,4450.373333333333
C00156,1916.51,7,11,2024-06-04,2025-10-09,492,273.78714285714284
C00157,320.6,2,3,2024-02-05,2024-08-03,180,160.3
C00158,5757.26,2,5,2024-01-11,2025-05-07,482,2878.63
C00159,23713.72,9,15,2024-01-01,2025-12-12,711,2634.8577777777778
C00160,3325.5299999999997,7,15,2024-01-01,2026-11-01,1035,475.07571428571424
C00161,17099.940000000002,7,12,2024-01-07,2025-10-07,639,2442.8485714285716
C00162,3374.67,7,16,2024-06-09,2026-09-01,814,482.0957142857143
C00163,24917.79,7,8,2024-02-04,2025-09-09,583,3559.684285714286
C00164,4811.87,9,18,2024-02-09,2025-11-07,637,534.6522222222222
C00165,3033.39,5,13,2025-06-11,2026-03-01,263,606.678
C00166,2984.34,9,14,2024-01-08,2025-05-12,490,331.59333333333336
C00167,29326.65,7,17,2024-01-08,2026-01-01,724,4189.521428571429
C00168,48519.08,7,16,2024-03-05,2025-11-12,617,6931.297142857143
C00169,399.32000000000005,2,2,2025-06-02,2025-09-07,97,199.66000000000003
C00170,4040.84,7,12,2024-08-11,2026-07-01,689,577.2628571428571
C00171,4635.32,10,16,2024-01-05,2026-11-01,1031,463.532
C00172,14547.36,4,8,2024-01-06,2025-07-02,543,3636.84
C00173,13379.210000000001,9,15,2024-01-01,2025-08-07,584,1486.578888888889
C00174,2432.26,5,8,2024-01-03,2025-12-08,705,486.45200000000006
C00175,2824.28,4,7,2024-12-06,2026-09-01,634,706.07
C00176,50042.45,8,16,2024-01-08,2026-09-01,967,6255.30625
C00177,1882.73,6,10,2024-06-07,2025-12-12,553,313.78833333333336
C00178,2523.05,5,10,2024-06-11,2026-03-01,628,504.61
C00179,1121.45,3,4,2025-04-12,2025-07-10,89,373.81666666666666
C00180,3310.73,5,13,2024-07-11,2025-12-06,513,662.146
C00181,557.32,3,4,2025-03-12,2026-02-01,326,185.77333333333334
C00182,42950.54,7,12,2024-01-11,2026-10-01,994,6135.791428571429
C00183,3740.57,6,15,2024-01-05,2025-05-07,488,623.4283333333334
C00184,28145.59,9,15,2024-04-03,2025-09-04,519,3127.2877777777776
C00185,4851.62,11,17,2024-01-05,2025-11-07,672,441.05636363636364
C00186,1913.62,4,8,2024-09-12,2026-10-01,749,478.405
C00187,55950.89,6,12,2024-05-10,2026-08-01,813,9325.148333333333
C00188,24876.33,9,14,2024-03-02,2026-05-01,790,2764.036666666667
C00189,4159.91,8,16,2024-01-06,2026-10-01,999,519.98875
C00190,22539.460000000003,6,14,2024-01-03,2026-05-01,849,3756.5766666666673
C00191,3580.4,7,15,2024-02-12,2025-12-11,668,511.4857142857143
C00192,30044.85,11,15,2024-08-05,2026-06-01,665,2731.35
C00193,6590.32,3,3,2024-11-10,2025-10-01,325,2196.773333333333
C00194,14270.81,5,11,2024-07-11,2025-03-10,242,2854.162
C00195,5303.63,7,14,2024-02-09,2025-05-12,458,757.6614285714286
C00196,2209.7799999999997,7,11,2024-02-05,2025-11-08,642,315.68285714285713
C00197,3254.99,6,12,2024-03-10,2026-02-01,693,542.4983333333333
C00198,342.5,2,2,2024-09-01,2024-10-06,35,171.25
C00199,4908.7,13,21,2024-02-10,2025-11-03,632,377.59230769230766
C00200,2911.66,5,10,2024-03-07,2026-09-01,908,582.332
C00201,2991.14,5,9,2024-01-03,2025-12-12,709,598.228
C00202,10531.789999999999,4,12,2024-05-07,2026-02-01,635,2632.9474999999998
C00203,1039.71,3,5,2024-08-11,2025-06-09,302,346.57
C00204,22908.81,4,9,2024-03-09,2026-09-01,906,5727.2025
C00205,892.8,2,4,2024-11-03,2025-10-09,340,446.4
C00206,3192.6800000000003,6,13,2024-02-02,2025-09-06,582,532.1133333333333
C00207,1963.77,6,12,2024-10-06,2025-12-03,423,327.295
C00208,11982.130000000001,6,11,2024-08-01,2025-08-10,374,1997.0216666666668
C00209,50487.93,3,6,2025-04-02,2025-08-12,132,16829.31
C00210,2545.09,6,12,2024-07-08,2025-11-12,492,424.1816666666667
C00211,1488.69,3,7,2024-01-02,2026-06-01,881,496.23
C00212,4426.76,10,16,2024-01-10,2026-09-01,965,442.67600000000004
C00213,28531.1,6,11,2024-01-08,2025-11-07,669,4755.183333333333
C00214,2253.75,8,13,2024-03-01,2025-11-10,619,281.71875
C00215,9178.83,6,11,2024-06-02,2025-12-03,549,1529.805
C00216,1348.48,6,9,2024-05-04,2025-10-12,526,224.74666666666667
C00217,1114.6100000000001,3,6,2024-04-09,2024-12-09,244,371.5366666666667
C00218,3189.86,4,11,2025-02-01,2025-11-08,280,797.465
C00219,8214.4,5,8,2024-01-03,2025-03-03,425,1642.8799999999999
C00220,2763.9500000000003,4,8,2024-11-06,2026-05-01,541,690.9875000000001
C00221,1758.82,3,6,2024-01-11,2025-07-06,542,586.2733333333333
C00222,2254.59,7,11,2024-04-05,2025-11-02,576,322.0842857142857
C00223,10235.07,5,12,2024-01-11,2025-11-08,667,2047.014
C00224,2391.09,3,8,2025-08-11,2025-10-10,60,797.0300000000001
C00225,21915.57,6,11,2024-01-10,2025-10-03,632,3652.595
C00226,613.73,2,6,2024-02-07,2024-05-03,86,306.865
C00227,1346.73,2,4,2024-12-06,2025-12-12,371,673.365
C00228,3223.43,5,9,2024-08-01,2025-07-01,334,644.6859999999999
C00229,1050.23,4,4,2024-10-08,2025-02-09,124,262.5575
C00230,1284.31,3,8,2024-02-08,2025-06-11,489,428.1033333333333
C00231,2294.44,3,7,2024-01-11,2025-07-04,540,764.8133333333334
C00232,415.0,1,2,2025-12-04,2025-12-04,0,415.0
C00233,4162.57,5,12,2024-01-11,2025-12-02,691,832.5139999999999
C00234,1318.3799999999999,4,5,2024-05-12,2025-03-12,304,329.59499999999997
C00235,17371.27,4,9,2024-04-01,2025-07-10,465,4342.8175
C00236,256.92,1,2,2024-06-04,2024-06-04,0,256.92
C00237,307.28999999999996,1,2,2024-11-04,2024-11-04,0,307.28999999999996
C00238,448.37,3,5,2024-04-05,2024-11-06,215,149.45666666666668
C00239,1673.6399999999999,4,6,2024-07-10,2025-12-11,519,418.40999999999997
C00241,2132.33,7,9,2024-05-04,2025-09-12,496,304.61857142857144
C00242,2116.66,4,8,2024-06-08,2025-11-10,520,529.165
C00243,1945.22,4,8,2024-08-10,2025-02-08,182,486.305
C00246,2816.25,7,12,2024-03-12,2025-09-04,541,402.32142857142856
C00247,385.88,1,3,2024-01-04,2024-01-04,0,385.88
C00248,23316.29,4,9,2024-02-06,2025-10-09,611,5829.0725
C00249,1431.2,5,7,2024-02-09,2025-09-07,576,286.24
C00250,625.0699999999999,2,4,2024-06-09,2026-05-01,691,312.53499999999997
C00251,516.8,2,3,2024-04-07,2024-10-01,177,258.4
C00252,2023.1999999999998,3,5,2024-02-07,2024-09-12,218,674.4
C00253,19672.199999999997,5,8,2024-08-10,2025-09-07,393,3934.4399999999996
C00254,1644.29,6,8,2024-03-10,2025-03-06,361,274.04833333333335
C00255,680.14,3,6,2024-05-07,2024-10-10,156,226.71333333333334
C00256,1719.15,5,9,2024-03-09,2025-05-02,419,343.83000000000004
C00257,1549.3200000000002,3,8,2024-02-02,2025-10-03,609,516.44
C00258,8074.089999999999,4,8,2024-02-12,2025-09-07,573,2018.5224999999998
C00259,760.9,3,4,2024-03-10,2025-07-06,483,253.63333333333333
C00260,15176.32,7,11,2024-09-10,2026-10-01,751,2168.0457142857144
C00261,50385.49,4,8,2024-01-06,2025-11-07,671,12596.3725
C00262,4291.52,7,13,2024-01-08,2025-10-11,642,613.0742857142858
C00263,14650.91,4,6,2024-01-12,2025-06-06,511,3662.7275
C00264,14174.61,3,8,2025-05-02,2025-12-11,223,4724.87
C00265,2518.38,6,8,2024-03-06,2025-10-06,579,419.73
C00266,60054.73,4,10,2024-07-10,2025-10-03,450,15013.6825
C00267,1996.37,4,8,2024-11-12,2025-11-03,356,499.0925
C00268,1693.8700000000001,2,8,2024-11-12,2026-09-01,658,846.9350000000001
C00269,49568.170000000006,6,12,2024-06-09,2025-10-05,483,8261.361666666668
C00270,1523.69,3,7,2024-06-07,2025-10-12,492,507.8966666666667
C00271,62.4,1,1,2025-08-05,2025-08-05,0,62.4
C00272,1475.77,4,7,2024-01-06,2025-05-09,489,368.9425
C00273,878.53,1,2,2024-03-12,2024-03-12,0,878.53
C00274,2947.08,6,13,2024-03-05,2025-12-08,643,491.18
C00275,26822.16,5,11,2024-03-06,2025-12-12,646,5364.432
C00276,1359.79,5,7,2024-12-10,2025-06-10,182,271.95799999999997
C00277,22030.829999999998,6,14,2024-02-01,2025-01-04,338,3671.805
C00278,590.1,3,2,2025-01-08,2025-11-05,301,196.70000000000002
C00279,6936.33,8,11,2024-02-08,2025-05-08,455,867.04125
C00280,1432.58,3,5,2024-11-07,2025-07-12,247,477.52666666666664
C00281,47584.78,6,12,2024-07-09,2025-12-12,521,7930.796666666666
C00282,969.96,4,5,2024-05-10,2025-12-10,579,242.49
C00283,2481.09,5,8,2024-06-04,2025-09-01,454,496.218
C00284,3512.88,6,13,2024-08-03,2025-11-11,465,585.48
C00285,2048.41,5,9,2024-06-12,2025-04-12,304,409.68199999999996
C00286,1585.0,5,8,2024-02-10,2026-06-01,842,317.0
C00287,296.91999999999996,2,2,2024-03-01,2025-03-11,375,148.45999999999998
C00288,51433.45,4,7,2024-01-04,2025-07-10,553,12858.3625
C00289,2435.3,4,7,2024-06-03,2025-09-09,463,608.825
C00290,834.9,4,6,2024-02-04,2025-10-11,615,208.725
C00291,52409.84,2,4,2024-02-01,2024-05-04,93,26204.92
C00292,1813.38,5,7,2024-06-04,2025-10-11,494,362.67600000000004
C00293,4544.1900000000005,9,17,2024-02-05,2026-02-01,727,504.9100000000001
C00294,11806.47,4,6,2024-01-01,2025-08-04,581,2951.6175
C00295,1034.2,2,5,2024-03-08,2025-09-06,547,517.1
C00296,35525.5,6,11,2024-06-06,2026-07-01,755,5920.916666666667
C00297,676.5,1,2,2024-12-11,2024-12-11,0,676.5
C00298,409.2,2,2,2024-12-01,2025-01-12,42,204.6
C00299,2756.91,7,15,2024-03-05,2025-07-10,492,393.8442857142857
C00300,1889.79,4,9,2024-01-02,2025-08-01,577,472.4475
C00301,1267.04,3,8,2025-04-12,2025-06-02,51,422.34666666666664
C00302,1072.46,2,4,2024-07-05,2025-07-11,371,536.23
C00303,1809.04,4,7,2024-03-09,2025-07-01,479,452.26
C00304,1197.6,3,5,2024-04-11,2024-12-04,237,399.2
C00305,1883.28,5,8,2024-06-05,2025-07-02,392,376.656
C00306,838.3899999999999,2,4,2025-08-07,2025-11-10,95,419.19499999999994
C00307,2900.45,5,14,2024-11-06,2025-09-07,305,580.0899999999999
C00308,1140.24,3,5,2024-05-11,2025-06-11,396,380.08
C00309,2475.16,5,13,2024-03-08,2025-06-05,454,495.032
C00310,1032.58,5,8,2024-06-06,2025-03-02,269,206.516
C00312,995.6400000000001,2,4,2024-06-12,2025-03-03,264,497.82000000000005
C00313,2758.3599999999997,7,11,2024-02-12,2025-09-07,573,394.0514285714285
C00314,23723.08,4,9,2024-08-11,2025-07-04,327,5930.77
C00315,2878.5099999999998,6,12,2024-01-02,2025-09-10,617,479.7516666666666
C00316,1881.74,4,7,2024-07-09,2025-08-08,395,470.435
C00317,982.39,3,5,2024-03-02,2025-10-03,580,327.4633333333333
C00318,947.5,2,3,2024-06-09,2025-08-04,421,473.75
C00319,14675.509999999998,5,11,2024-01-05,2026-01-01,727,2935.102
C00320,1158.51,3,5,2024-11-09,2026-02-01,449,386.17
C00321,1114.42,5,7,2024-04-05,2025-04-11,371,222.88400000000001
C00322,776.45,2,4,2024-06-04,2024-10-10,128,388.225
C00323,240.60000000000002,1,2,2024-06-02,2024-06-02,0,240.60000000000002
C00324,3804.83,6,13,2024-01-07,2025-12-06,699,634.1383333333333
C00325,782.56,1,3,2025-11-12,2025-11-12,0,782.56
C00326,1288.18,3,6,2024-10-11,2025-11-10,395,429.3933333333334
C00327,178.92000000000002,1,2,2025-12-10,2025-12-10,0,178.92000000000002
C00328,2004.76,4,12,2024-01-06,2025-06-02,513,501.19
C00329,1936.38,5,10,2024-03-05,2025-11-05,610,387.276
C00330,450.98,1,3,2024-08-11,2024-08-11,0,450.98
C00331,3409.79,6,9,2025-04-02,2026-02-01,305,568.2983333333333
C00332,877.23,2,4,2025-02-12,2025-07-11,149,438.615
C00333,1828.79,4,10,2024-01-10,2025-03-11,426,457.1975
C00334,1754.68,3,8,2024-04-11,2025-09-06,513,584.8933333333333
C00335,26957.96,4,9,2024-10-09,2025-09-06,332,6739.49
C00336,50851.19,5,7,2024-02-12,2025-11-04,631,10170.238000000001
C00337,2539.9,3,8,2024-05-06,2025-12-05,578,846.6333333333333
C00338,7374.27,6,10,2024-02-01,2025-03-11,404,1229.045
C00339,2067.35,4,13,2024-01-03,2025-11-12,679,516.8375
C00340,2744.28,6,12,2024-01-01,2025-12-07,706,457.38000000000005
C00341,1666.92,4,7,2024-06-05,2025-06-12,372,416.73
C00342,52112.04,4,5,2024-03-04,2025-07-07,490,13028.01
C00343,1859.79,3,7,2024-02-07,2025-10-10,611,619.93
C00344,124.8,1,1,2025-10-05,2025-10-05,0,124.8
C00345,10194.57,1,3,2024-01-10,2024-01-10,0,10194.57
C00346,200.44,1,1,2025-01-11,2025-01-11,0,200.44
C00347,1737.25,5,8,2024-01-08,2025-03-12,429,347.45
C00348,14428.53,3,6,2025-12-08,2026-09-01,267,4809.51
C00349,640.35,3,4,2024-01-03,2025-12-12,709,213.45000000000002
C00350,726.81,1,4,2024-07-02,2024-07-02,0,726.81
C00351,1694.97,4,10,2024-02-03,2025-12-12,678,423.7425
C00352,590.12,2,3,2024-11-08,2025-10-10,336,295.06
C00353,542.08,4,4,2024-12-07,2025-11-11,339,135.52
C00354,3859.25,7,11,2024-09-03,2026-12-01,819,551.3214285714286
C00355,702.06,2,5,2024-03-09,2024-06-03,86,351.03
C00356,600.6,2,2,2025-03-01,2025-04-09,39,300.3
C00357,45796.729999999996,5,12,2024-09-05,2025-11-11,432,9159.346
C00358,13931.97,2,5,2024-11-09,2025-10-10,335,6965.985
C00359,2159.33,6,11,2024-03-01,2025-12-02,641,359.8883333333333
C00360,9716.81,7,16,2024-06-03,2025-10-01,485,1388.1157142857141
C00361,18485.08,4,9,2024-04-12,2025-05-05,388,4621.27
C00362,12550.880000000001,8,15,2024-04-12,2025-10-04,540,1568.8600000000001
C00363,1746.98,5,8,2024-04-11,2026-08-01,842,349.396
C00364,36728.53,6,15,2024-05-01,2025-12-08,586,6121.421666666666
C00365,65834.19,10,15,2024-07-08,2025-12-09,519,6583.419
C00366,786.2,2,2,2024-01-10,2024-05-09,120,393.1
C00367,4298.12,7,17,2024-05-01,2025-10-07,524,614.0171428571429
C00368,1423.47,3,6,2024-02-02,2025-11-07,644,474.49
C00369,1327.12,4,8,2024-03-05,2025-10-10,584,331.78
C00370,3490.7,6,14,2024-01-03,2025-12-11,708,581.7833333333333
C00371,4028.04,6,15,2025-01-07,2025-12-06,333,671.34
C00372,13964.58,5,9,2024-09-07,2025-12-12,461,2792.916
C00373,3085.24,4,8,2024-04-01,2026-05-01,760,771.31
C00374,679.78,2,3,2024-08-08,2025-05-03,268,339.89
C00375,1511.0500000000002,3,6,2024-07-07,2025-08-11,400,503.6833333333334
C00376,2226.26,4,11,2024-03-08,2025-11-03,605,556.565
C00377,5694.43,3,8,2024-04-03,2025-11-08,584,1898.1433333333334
C00378,737.61,3,5,2025-01-09,2025-10-04,268,245.87
C00379,2207.56,6,10,2024-02-09,2026-07-01,873,367.9266666666667
C00380,11575.21,9,18,2024-04-09,2025-11-06,576,1286.1344444444444
C00381,917.8,4,6,2024-06-12,2025-01-05,207,229.45
C00382,10776.45,9,19,2024-03-01,2025-09-04,552,1197.3833333333334
C00383,2371.23,6,9,2024-04-06,2025-11-11,584,395.205
C00384,1977.0500000000002,4,10,2025-05-12,2025-11-08,180,494.26250000000005
C00385,50285.58,6,11,2024-04-11,2025-09-04,511,8380.93
C00386,55365.05,2,6,2024-10-12,2025-03-04,143,27682.525
C00387,1406.21,3,5,2024-07-02,2025-10-12,467,468.7366666666667
C00388,172.71,1,2,2024-06-05,2024-06-05,0,172.71
C00389,17607.2,6,11,2024-02-01,2025-06-10,495,2934.5333333333333
C00390,2118.7,3,8,2024-01-11,2025-02-08,394,706.2333333333332
C00391,628.5600000000001,1,2,2025-06-01,2025-06-01,0,628.5600000000001
C00392,2509.0,6,12,2024-05-08,2025-11-03,544,418.1666666666667
C00393,690.98,2,4,2024-05-06,2024-05-10,4,345.49
C00394,1243.8899999999999,2,4,2024-03-02,2025-03-03,366,621.9449999999999
C00395,1119.78,2,5,2024-03-05,2025-10-05,579,559.89
C00396,405.52,2,2,2025-06-05,2025-08-10,66,202.76
C00397,3484.39,5,13,2024-08-11,2025-08-04,358,696.8779999999999
C00398,20761.489999999998,4,9,2024-04-12,2025-06-10,424,5190.3724999999995
C00399,1521.4299999999998,2,4,2024-05-09,2025-09-04,483,760.7149999999999
C00400,49907.200000000004,9,16,2024-05-03,2026-08-01,820,5545.2444444444445
C00401,1274.6,3,5,2024-04-03,2025-04-12,374,424.8666666666666
C00402,1686.58,3,6,2025-07-09,2025-09-12,65,562.1933333333333
C00403,1616.72,4,5,2024-01-07,2025-09-05,607,404.18
C00404,2225.24,4,9,2024-02-01,2025-09-08,585,556.31
C00405,2568.65,6,9,2024-01-08,2025-12-06,698,428.10833333333335
C00406,823.35,2,3,2024-02-12,2024-08-10,180,411.675
C00407,772.8,2,4,2024-08-01,2024-08-12,11,386.4
C00408,48882.94,7,12,2024-03-09,2025-11-09,610,6983.277142857143
C00409,17125.2,1,2,2024-05-03,2024-05-03,0,17125.2
C00410,8886.27,4,7,2024-04-07,2025-06-08,427,2221.5675
C00411,2497.5299999999997,5,9,2024-01-11,2025-11-10,669,499.506
C00412,5078.52,7,16,2024-09-04,2026-01-01,484,725.5028571428572
C00413,56202.25,4,9,2024-05-11,2026-08-01,812,14050.5625
C00414,1192.79,3,6,2024-11-06,2025-07-11,247,397.59666666666664
C00415,809.4300000000001,3,6,2024-06-03,2026-06-01,728,269.81
C00416,1687.19,3,5,2024-03-05,2025-07-02,484,562.3966666666666
C00417,3073.76,4,9,2024-01-06,2025-11-11,675,768.44
C00418,30824.18,2,7,2025-10-07,2025-11-02,26,15412.09
C00419,1185.27,4,7,2024-04-01,2025-07-01,456,296.3175
C00420,1697.91,6,8,2024-05-09,2025-10-05,514,282.985
C00421,686.34,2,4,2024-05-07,2025-05-12,370,343.17
C00422,2753.02,3,7,2024-11-06,2025-10-03,331,917.6733333333333
C00423,1753.02,5,11,2024-05-08,2025-11-10,551,350.604
C00424,1511.3000000000002,4,5,2025-04-09,2026-06-01,418,377.82500000000005
C00425,558.47,4,4,2024-06-11,2025-08-03,418,139.6175
C00426,38382.47,3,6,2024-12-04,2025-07-01,209,12794.156666666668
C00427,9212.51,5,11,2024-04-10,2025-08-11,488,1842.502
C00428,1568.63,5,10,2024-05-08,2025-10-06,516,313.726
C00429,59989.04,6,17,2024-02-03,2025-12-09,675,9998.173333333334
C00430,176.95,1,2,2025-07-05,2025-07-05,0,176.95
C00431,25690.87,4,4,2024-04-01,2024-09-12,164,6422.7175
C00432,972.09,3,6,2024-04-01,2026-02-01,671,324.03000000000003
C00433,1919.02,4,9,2024-01-08,2025-07-01,540,479.755
C00434,1308.85,2,4,2025-03-02,2025-03-04,2,654.425
C00435,1618.5300000000002,3,3,2025-02-07,2025-12-11,307,539.5100000000001
C00436,11455.82,4,11,2024-04-11,2025-12-07,605,2863.955
C00437,1557.05,4,7,2024-05-07,2025-11-12,554,389.2625
C00438,442.24,2,2,2024-01-12,2025-05-06,480,221.12
C00439,46795.27,5,9,2024-02-10,2025-05-08,453,9359.054
C00440,8434.69,2,5,2024-02-08,2025-06-08,486,4217.345
C00441,2249.18,5,13,2024-05-09,2025-09-07,486,449.83599999999996
C00442,59045.829999999994,5,13,2024-03-07,2025-07-11,491,11809.166
C00443,2484.06,5,13,2024-04-07,2026-08-01,846,496.812
C00444,2217.2,4,8,2024-02-12,2025-03-06,388,554.3
C00445,1154.6299999999999,3,5,2024-04-02,2025-03-07,339,384.8766666666666
C00446,2040.22,4,6,2024-01-01,2025-10-01,639,510.055
C00447,2810.79,4,11,2024-02-10,2025-08-02,539,702.6975
C00448,2496.34,7,13,2024-08-09,2025-10-01,418,356.62
C00449,3034.27,5,12,2024-03-08,2025-09-09,550,606.854
C00450,435.84000000000003,2,2,2025-10-10,2025-12-07,58,217.92000000000002
C00451,362.5,1,2,2024-12-01,2024-12-01,0,362.5
C00452,29394.829999999998,5,11,2024-05-08,2025-10-04,514,5878.965999999999
C00453,1750.69,5,10,2024-02-07,2025-12-08,670,350.13800000000003
C00454,2220.28,3,9,2024-05-10,2025-10-02,510,740.0933333333334
C00455,54966.85,2,5,2024-09-07,2025-04-07,212,27483.425
C00456,1471.25,2,5,2024-01-11,2025-11-09,668,735.625
C00457,3199.0600000000004,3,9,2024-07-05,2025-08-09,400,1066.3533333333335
C00458,2338.89,4,10,2024-01-04,2025-10-07,642,584.7225
C00459,1543.8,4,7,2024-01-05,2025-04-03,454,385.95
C00460,17774.78,3,8,2024-06-07,2025-08-11,430,5924.926666666666
C00461,1969.3600000000001,4,6,2024-01-11,2025-07-12,548,492.34000000000003
C00462,12725.710000000001,6,11,2024-02-01,2026-07-01,881,2120.951666666667
C00463,2755.95,7,12,2024-01-11,2025-12-12,701,393.70714285714286
C00464,1589.42,3,5,2024-04-07,2025-12-05,607,529.8066666666667
C00465,7224.95,4,7,2024-09-01,2025-09-11,375,1806.2375
C00466,1347.26,4,4,2024-02-05,2025-12-10,674,336.815
C00467,1755.62,5,8,2024-03-06,2025-11-09,613,351.12399999999997
C00468,1385.78,3,8,2024-06-01,2025-05-05,338,461.9266666666667
C00469,2201.27,6,10,2024-01-11,2025-10-03,631,366.87833333333333
C00470,7400.17,8,13,2024-05-09,2025-08-08,456,925.02125
C00471,22960.77,9,15,2024-02-02,2025-12-05,672,2551.1966666666667
C00472,38506.670000000006,6,12,2024-02-11,2026-10-01,963,6417.778333333335
C00473,10630.4,3,6,2024-07-11,2025-12-12,519,3543.4666666666667
C00474,2451.0099999999998,4,8,2024-04-07,2025-10-11,552,612.7524999999999
C00475,1141.44,3,7,2025-02-10,2025-09-05,207,380.48
C00476,50250.25,7,13,2024-07-03,2025-05-12,313,7178.607142857143
C00477,21771.98,6,10,2024-01-02,2025-06-08,523,3628.6633333333334
C00478,2537.03,4,11,2024-05-07,2025-12-08,580,634.2575
C00479,1865.72,2,6,2025-03-01,2025-10-12,225,932.86
C00480,1395.09,4,9,2024-12-12,2026-01-01,385,348.7725
C00481,1945.46,4,10,2024-10-12,2025-08-05,297,486.365
C00483,75181.57,5,13,2024-11-09,2026-11-01,722,15036.314000000002
C00484,2059.01,6,12,2025-02-06,2026-05-01,449,343.16833333333335
C00485,1757.88,3,7,2025-11-08,2026-07-01,235,585.96
C00486,1589.55,3,5,2024-01-03,2025-04-04,457,529.85
C00487,1295.58,2,6,2024-05-01,2025-10-07,524,647.79
C00488,3670.98,6,14,2024-02-06,2025-05-06,455,611.83
C00489,4730.110000000001,11,19,2024-01-03,2025-11-08,675,430.01000000000005
C00490,30443.199999999997,3,7,2024-12-11,2025-11-05,329,10147.733333333332
C00491,4127.5,6,15,2024-03-12,2026-09-01,903,687.9166666666666
C00492,986.1,2,5,2024-04-05,2025-08-03,485,493.05
C00493,1906.11,3,7,2024-11-02,2025-08-07,278,635.37
C00494,937.22,3,7,2024-02-02,2024-12-01,303,312.4066666666667
C00495,2020.27,6,12,2024-09-11,2025-09-10,364,336.71166666666664
C00496,2803.6,5,9,2024-09-07,2025-02-05,151,560.72
C00497,2567.4,6,11,2024-08-04,2025-11-04,457,427.90000000000003
C00498,760.13,3,5,2024-02-08,2025-08-07,546,253.37666666666667
C00499,1753.5,3,6,2024-10-02,2024-10-06,4,584.5
C00501,183.6,1,3,2024-12-09,2024-12-09,0,183.6
C00502,2184.56,5,8,2024-02-12,2025-03-11,393,436.912
C00503,260.69,1,2,2024-11-08,2024-11-08,0,260.69
C00504,3157.73,7,10,2024-03-10,2025-09-12,551,451.1042857142857
C00505,3112.4199999999996,5,10,2024-06-09,2025-09-05,453,622.4839999999999
C00506,1173.81,3,6,2024-05-09,2025-06-02,389,391.27
C00507,42968.11,2,3,2025-02-10,2025-04-06,55,21484.055
C00508,724.71,2,4,2024-09-07,2025-05-08,243,362.355
C00509,5012.74,10,19,2024-09-02,2026-01-01,486,501.274
C00510,1006.52,5,7,2024-08-01,2025-12-09,495,201.304
C00511,16524.49,8,18,2024-05-11,2025-09-09,486,2065.56125
C00512,47261.22,6,10,2024-03-01,2026-02-01,702,7876.87
C00513,2234.97,4,9,2024-02-12,2024-11-04,266,558.7425
C00514,849.3299999999999,3,5,2024-01-12,2024-09-08,240,283.10999999999996
C00515,59718.670000000006,4,7,2024-04-09,2026-01-01,632,14929.667500000001
C00516,1083.54,2,6,2024-05-10,2025-09-12,490,541.77
C00517,2790.9900000000002,5,10,2024-09-08,2025-12-08,456,558.1980000000001
C00518,77890.34,5,9,2024-03-06,2025-12-05,639,15578.068
C00519,904.74,2,5,2025-01-09,2025-10-10,274,452.37
C00520,20664.36,2,3,2024-06-11,2024-07-02,21,10332.18
C00521,840.74,2,5,2024-07-12,2025-05-11,303,420.37
C00522,5567.28,10,19,2024-02-05,2025-09-09,582,556.728
C00523,73131.69,7,12,2024-06-03,2025-10-03,487,10447.384285714286
C00524,518.78,2,3,2024-01-05,2024-12-12,342,259.39
C00525,3488.65,6,12,2024-08-01,2025-08-02,366,581.4416666666667
C00526,56386.35,8,17,2024-04-07,2026-12-01,968,7048.29375
C00527,137.65,2,2,2025-02-07,2026-01-01,328,68.825
C00528,1402.48,3,9,2024-08-08,2025-12-12,491,467.49333333333334
C00529,32516.350000000002,4,6,2024-01-11,2025-09-11,609,8129.087500000001
C00530,1956.93,3,7,2024-05-09,2025-12-06,576,652.3100000000001
C00531,664.6800000000001,2,3,2024-02-01,2024-02-12,11,332.34000000000003
C00532,1748.8600000000001,5,7,2024-09-12,2026-12-01,810,349.77200000000005
C00533,2016.85,3,7,2024-01-07,2024-11-04,302,672.2833333333333
C00534,465.29999999999995,1,2,2025-03-12,2025-03-12,0,465.29999999999995
C00535,957.23,3,4,2024-07-10,2025-06-08,333,319.07666666666665
C00536,2075.06,5,9,2024-04-07,2025-12-09,611,415.012
C00537,1437.6299999999999,4,8,2024-09-07,2025-06-07,273,359.40749999999997
C00539,21008.21,6,12,2024-10-05,2025-12-04,425,3501.3683333333333
C00540,3018.97,8,14,2024-01-02,2025-12-02,700,377.37125
C00541,13717.71,8,14,2024-03-02,2025-01-07,311,1714.71375
C00542,401.0,1,2,2024-03-02,2024-03-02,0,401.0
C00543,2030.1100000000001,3,9,2024-01-11,2025-07-10,546,676.7033333333334
C00544,2521.43,5,7,2024-01-07,2024-11-04,302,504.28599999999994
C00545,55062.02,4,11,2024-01-07,2025-01-07,366,13765.505
C00546,50413.78,6,11,2024-05-12,2025-04-03,326,8402.296666666667
C00547,1199.63,3,5,2024-02-10,2025-09-07,575,399.8766666666667
C00548,412.0,2,3,2025-07-10,2025-11-07,120,206.0
C00550,3235.58,5,11,2024-01-08,2025-06-01,510,647.116
C00551,28397.359999999997,5,8,2024-04-10,2025-01-07,272,5679.472
C00552,5251.29,3,6,2024-02-03,2025-10-02,607,1750.43
C00553,673.08,2,3,2025-01-11,2025-08-11,212,336.54
C00554,1075.55,3,5,2024-04-06,2025-10-01,543,358.51666666666665
C00555,7786.2699999999995,5,8,2024-05-12,2025-08-08,453,1557.254
C00556,1029.55,3,5,2024-05-07,2026-06-01,755,343.18333333333334
C00557,1236.47,3,5,2024-10-07,2025-10-06,364,412.1566666666667
C00558,896.84,4,8,2024-05-08,2025-07-01,419,224.21
C00559,2856.71,5,12,2024-03-11,2025-11-11,610,571.342
C00560,922.5699999999999,4,5,2024-01-06,2025-06-05,516,230.64249999999998
C00561,24273.16,2,6,2024-02-05,2025-04-03,423,12136.58
C00563,46521.079999999994,3,7,2025-04-04,2025-10-01,180,15507.026666666665
C00564,55748.2,3,3,2024-04-01,2025-02-10,315,18582.733333333334
C00565,4114.36,8,16,2024-02-08,2025-09-06,576,514.295
C00566,1683.1,5,7,2024-02-10,2026-08-01,903,336.62
C00567,2175.82,4,11,2025-03-10,2025-11-10,245,543.955
C00568,2251.83,3,6,2024-01-01,2025-11-12,681,750.61
C00569,1010.74,2,5,2024-01-08,2025-05-05,483,505.37
C00570,9262.09,6,11,2024-01-07,2025-06-03,513,1543.6816666666666
C00571,14233.08,4,8,2024-03-10,2025-12-03,633,3558.27
C00572,1260.97,3,6,2024-08-12,2025-11-09,454,420.3233333333333
C00573,3071.84,7,11,2024-02-02,2025-10-03,609,438.8342857142857
C00574,44428.119999999995,7,14,2024-03-01,2025-12-12,651,6346.874285714285
C00575,61.2,1,1,2024-06-09,2024-06-09,0,61.2
C00576,47106.25,5,7,2024-03-12,2025-09-07,544,9421.25
C00577,1713.73,4,7,2024-08-04,2025-04-06,245,428.4325
C00578,2104.85,5,9,2024-06-12,2025-09-05,450,420.96999999999997
C00579,2459.7200000000003,4,7,2024-02-06,2025-02-01,361,614.9300000000001
C00580,62574.53999999999,7,14,2024-02-07,2025-11-08,640,8939.22
C00581,1153.9,4,7,2025-04-10,2025-11-12,216,288.475
C00582,51286.5,5,7,2024-03-07,2025-04-07,396,10257.3
C00583,24410.4,5,11,2025-07-07,2026-02-01,209,4882.08
C00584,1496.1,3,7,2024-07-10,2025-10-11,458,498.7
C00585,2483.64,5,10,2024-08-11,2026-07-01,689,496.72799999999995
C00586,2878.59,6,11,2024-06-12,2025-12-06,542,479.76500000000004
C00587,30708.19,4,6,2024-03-01,2025-12-04,643,7677.0475
C00588,980.35,2,5,2024-01-08,2024-10-05,271,490.175
C00589,7808.09,3,8,2024-03-01,2025-05-03,428,2602.6966666666667
C00590,2236.13,5,10,2024-02-02,2026-02-01,730,447.226
C00591,3341.87,7,16,2024-08-03,2025-12-06,490,477.40999999999997
C00592,730.96,2,4,2024-03-01,2025-06-06,462,365.48
C00593,309.95,1,2,2025-05-02,2025-05-02,0,309.95
C00594,868.53,3,4,2024-04-10,2025-04-09,364,289.51
C00595,14269.55,5,10,2024-11-10,2025-12-05,390,2853.91
C00596,18228.7,5,11,2024-01-02,2025-10-03,640,3645.7400000000002
C00597,2249.45,4,8,2024-09-08,2026-02-01,511,562.3625
C00598,9078.09,9,17,2024-02-05,2025-09-09,582,1008.6766666666667
C00599,1647.57,3,8,2024-09-04,2025-09-08,369,549.1899999999999
C00600,7346.34,2,6,2025-07-05,2025-11-07,125,3673.17
C00601,21092.57,7,9,2024-01-07,2025-11-03,666,3013.2242857142855
C00602,14517.5,4,9,2024-06-07,2025-07-02,390,3629.375
C00603,14980.05,5,12,2024-07-10,2025-12-08,516,2996.0099999999998
C00604,1819.38,4,9,2024-03-08,2025-02-05,334,454.845
C00605,20485.18,3,6,2024-05-08,2025-09-12,492,6828.393333333333
C00606,1437.76,2,4,2025-02-07,2025-07-05,148,718.88
C00607,9095.05,5,12,2024-06-06,2025-06-12,371,1819.0099999999998
C00608,4481.23,9,14,2024-03-06,2025-12-10,644,497.91444444444437
C00609,2450.03,4,10,2025-02-07,2025-12-12,308,612.5075
C00610,1303.05,2,4,2025-08-05,2025-11-03,90,651.525
C00611,1051.27,4,5,2024-02-10,2025-03-04,388,262.8175
C00612,961.46,3,6,2024-06-12,2025-07-08,391,320.4866666666667
C00613,2866.38,4,6,2024-02-02,2025-10-10,616,716.595
C00614,1351.78,4,6,2024-12-05,2025-11-03,333,337.945
C00615,1753.69,4,5,2024-04-07,2025-11-12,584,438.4225
C00616,2994.3199999999997,6,9,2024-09-03,2025-12-11,464,499.0533333333333
C00617,41018.060000000005,5,9,2024-06-12,2025-05-03,325,8203.612000000001
C00618,7574.6,4,7,2024-01-07,2025-03-11,429,1893.65
C00619,1501.44,2,6,2024-05-06,2025-05-11,370,750.72
C00620,4254.21,7,14,2024-07-08,2025-10-02,451,607.7442857142858
C00621,27688.49,2,5,2024-10-08,2025-05-03,207,13844.245
C00622,1270.81,3,5,2024-07-03,2026-05-01,667,423.6033333333333
C00623,25883.39,4,10,2024-02-09,2025-01-09,335,6470.8475
C00624,25747.88,4,10,2024-02-11,2024-12-10,303,6436.97
C00625,1767.18,5,10,2024-05-08,2025-12-12,583,353.43600000000004
C00626,1355.83,4,6,2024-02-07,2025-03-11,398,338.9575
C00627,23110.52,6,15,2024-05-04,2024-12-12,222,3851.7533333333336
C00629,3025.35,7,12,2024-11-10,2026-08-01,629,432.1928571428571
C00630,19506.8,5,12,2024-05-09,2025-12-03,573,3901.3599999999997
C00631,85866.32,5,10,2024-01-03,2025-10-07,643,17173.264000000003
C00632,12016.51,3,7,2025-03-10,2025-06-11,93,4005.5033333333336
C00633,1010.9200000000001,1,2,2025-01-10,2025-01-10,0,1010.9200000000001
C00634,3006.79,6,13,2024-03-04,2025-10-09,584,501.13166666666666
C00635,76745.99,5,11,2024-02-07,2025-12-04,666,15349.198
C00636,616.25,3,5,2024-06-08,2025-12-06,546,205.41666666666666
C00637,3274.23,4,10,2024-02-01,2025-06-12,497,818.5575
C00638,3086.2799999999997,4,10,2024-07-06,2025-12-07,519,771.5699999999999
C00639,2851.73,3,9,2024-02-12,2025-03-01,383,950.5766666666667
C00641,14598.140000000001,5,9,2024-06-11,2025-10-07,483,2919.628
C00642,3375.9,6,12,2024-01-03,2026-05-01,849,562.65
C00643,18513.899999999998,8,13,2024-09-03,2025-12-01,454,2314.2374999999997
C00644,692.8499999999999,2,3,2024-05-12,2024-06-03,22,346.42499999999995
C00646,3435.51,6,10,2024-04-05,2026-12-01,970,572.585
C00647,46.24,1,1,2024-09-12,2024-09-12,0,46.24
C00648,2453.86,5,9,2024-12-11,2025-07-05,206,490.77200000000005
C00649,2819.94,6,10,2024-05-04,2025-07-07,429,469.99
C00650,378.8,2,2,2024-01-02,2025-02-05,400,189.4
C00651,2604.87,5,9,2024-08-11,2025-09-08,393,520.9739999999999
C00652,56038.18,7,15,2024-01-02,2025-10-07,644,8005.454285714286
C00653,1920.77,5,9,2024-01-11,2025-07-10,546,384.154
C00654,906.21,3,4,2024-03-04,2025-04-04,396,302.07
C00655,2317.51,4,10,2024-01-07,2025-06-10,520,579.3775
C00656,1473.17,2,5,2025-03-04,2025-04-10,37,736.585
C00657,10843.31,3,5,2024-12-04,2025-07-09,217,3614.4366666666665
C00658,1477.3300000000002,3,7,2024-01-08,2025-04-03,451,492.4433333333334
C00659,1023.25,3,4,2024-07-03,2025-02-01,213,341.0833333333333
C00660,1890.7,4,11,2024-01-02,2024-09-05,247,472.675
C00661,3592.19,5,11,2024-07-11,2025-12-05,512,718.438
C00662,1949.71,5,9,2024-02-01,2026-03-01,759,389.942
C00663,2183.25,6,13,2024-07-11,2026-08-01,751,363.875
C00664,445.88,3,4,2025-03-10,2025-11-12,247,148.62666666666667
C00665,43305.159999999996,7,16,2024-06-06,2025-09-04,455,6186.451428571428
C00666,11849.539999999999,9,17,2024-03-01,2025-11-08,617,1316.6155555555554
C00667,27001.079999999998,3,8,2024-12-08,2025-06-09,183,9000.359999999999
C00668,858.97,3,7,2024-03-09,2025-10-10,580,286.3233333333333
C00669,2072.98,3,8,2025-03-01,2026-12-01,640,690.9933333333333
C00670,1397.99,3,6,2024-09-04,2025-09-01,362,465.99666666666667
C00671,2071.17,5,11,2024-05-06,2025-04-12,341,414.23400000000004
C00672,1624.44,3,5,2024-09-07,2025-01-09,124,541.48
C00673,1672.23,2,7,2024-08-08,2025-07-02,328,836.115
C00674,15401.96,7,15,2024-02-08,2025-11-07,638,2200.2799999999997
C00675,4144.73,9,19,2024-02-07,2025-11-03,635,460.5255555555555
C00676,699.81,2,2,2025-11-09,2025-12-08,29,349.905
C00677,18620.56,2,4,2024-04-07,2024-08-06,121,9310.28
C00678,918.1899999999999,3,6,2024-10-05,2025-12-09,430,306.06333333333333
C00679,1144.0,3,6,2024-02-08,2025-12-04,665,381.3333333333333
C00680,27215.44,6,13,2024-09-08,2025-11-06,424,4535.906666666667
C00681,65.15,1,1,2025-01-11,2025-01-11,0,65.15
C00682,4006.12,5,12,2024-01-01,2025-11-03,672,801.2239999999999
C00683,959.49,4,6,2024-04-06,2026-04-01,725,239.8725
C00684,1532.3,4,7,2024-04-12,2025-02-12,306,383.075
C00685,425.0,3,4,2024-04-12,2024-12-04,236,141.66666666666666
C00687,1107.19,3,6,2024-06-06,2025-03-07,274,369.06333333333333
C00688,44695.8,6,11,2024-06-11,2025-12-05,542,7449.3
C00689,2315.27,4,8,2024-04-06,2024-10-05,182,578.8175
C00690,46014.84,4,7,2024-07-06,2025-05-01,299,11503.71
C00691,17387.55,6,12,2024-03-12,2026-01-01,660,2897.9249999999997
C00692,2205.89,3,9,2024-11-01,2025-07-11,252,735.2966666666666
C00693,56131.65,6,11,2024-01-07,2025-08-02,573,9355.275
C00694,1502.67,5,8,2024-01-01,2025-08-10,587,300.534
C00695,16215.25,5,11,2024-04-11,2025-12-12,610,3243.05
C00696,184.5,1,1,2024-06-11,2024-06-11,0,184.5
C00697,1814.02,4,9,2024-05-01,2025-09-10,497,453.505
C00698,3981.15,5,11,2024-02-08,2025-02-05,363,796.23
C00699,2968.07,6,12,2024-08-04,2025-07-11,341,494.67833333333334
C00700,36226.3,4,12,2024-01-03,2026-01-01,729,9056.575
C00701,1420.4299999999998,4,8,2024-03-09,2025-10-07,577,355.10749999999996
C00702,28660.8,5,11,2024-05-09,2025-11-12,552,5732.16
C00703,650.79,2,4,2024-06-09,2025-05-12,337,325.395
C00704,1884.58,4,5,2024-03-04,2025-11-12,618,471.145
C00705,1692.32,3,7,2025-04-01,2025-11-11,224,564.1066666666667
C00706,474.76,1,1,2025-04-04,2025-04-04,0,474.76
C00707,1578.86,4,7,2024-01-10,2025-05-05,481,394.715
C00708,14903.46,7,14,2024-05-04,2026-08-01,819,2129.065714285714
C00709,5307.49,7,14,2024-10-04,2026-05-01,574,758.2128571428572
C00710,55812.02,5,5,2024-03-12,2025-12-03,631,11162.403999999999
C00711,1040.42,3,4,2024-12-08,2025-11-02,329,346.8066666666667
C00712,1059.93,2,6,2024-06-12,2024-11-07,148,529.965
C00713,992.1,2,3,2024-04-01,2025-05-06,400,496.05
C00714,1584.74,3,7,2024-09-02,2025-04-10,220,528.2466666666667
C00715,1219.1899999999998,4,5,2024-04-11,2025-11-10,578,304.79749999999996
C00716,1691.75,6,10,2024-02-08,2025-12-05,666,281.9583333333333
C00717,18431.53,7,13,2024-03-10,2025-11-12,612,2633.075714285714
C00718,18647.760000000002,5,8,2024-06-08,2025-11-11,521,3729.5520000000006
C00719,56979.44,10,14,2024-01-11,2025-12-12,701,5697.944
C00720,1618.23,3,5,2025-01-08,2025-10-04,269,539.41
C00721,1820.53,5,8,2024-09-08,2025-08-06,332,364.106
C00722,1409.73,2,6,2024-06-11,2025-09-05,451,704.865
C00723,1746.03,5,7,2024-02-05,2025-08-01,543,349.206
C00724,824.16,5,7,2024-02-07,2025-06-09,488,164.832
C00725,769.9300000000001,2,3,2024-07-06,2024-08-11,36,384.96500000000003
C00726,1649.63,2,6,2025-02-10,2025-12-09,302,824.815
C00727,1935.51,3,7,2024-08-07,2026-07-01,693,645.17
C00728,1152.94,3,7,2024-04-10,2025-09-07,515,384.31333333333333
C00729,1022.78,3,3,2024-06-04,2025-11-07,521,340.9266666666667
C00730,3791.8,7,16,2024-03-01,2026-01-01,671,541.6857142857143
C00731,2629.7799999999997,8,14,2024-03-12,2025-12-09,637,328.72249999999997
C00732,1046.2,3,6,2025-02-08,2025-04-03,54,348.73333333333335
C00733,27527.25,5,9,2024-08-10,2025-12-09,486,5505.45
C00734,2169.11,6,9,2024-01-02,2025-12-11,709,361.5183333333334
C00735,1936.46,4,5,2024-12-03,2025-09-04,275,484.115
C00736,54166.9,5,15,2024-11-07,2026-07-01,601,10833.380000000001
C00737,1231.98,5,8,2024-03-02,2025-07-03,488,246.39600000000002
C00738,967.7,1,3,2024-09-10,2024-09-10,0,967.7
C00739,1435.41,3,5,2024-04-08,2024-08-02,116,478.47
C00740,5945.6900000000005,3,6,2024-06-08,2026-08-01,784,1981.8966666666668
C00741,1128.43,2,5,2024-02-07,2025-09-09,580,564.215
C00742,4629.13,11,17,2024-01-11,2025-12-08,697,420.83
C00743,2064.8399999999997,5,10,2024-07-09,2025-10-11,459,412.96799999999996
C00744,29738.1,3,7,2024-03-08,2025-02-10,339,9912.699999999999
C00745,2418.7599999999998,4,7,2024-07-11,2025-10-07,453,604.6899999999999
C00746,1907.1699999999998,3,7,2025-05-11,2025-11-04,177,635.7233333333332
C00747,1922.0900000000001,4,8,2024-01-01,2025-07-10,556,480.52250000000004
C00748,3037.19,5,11,2024-03-10,2025-11-01,601,607.438
C00749,1306.0,4,6,2024-04-01,2025-10-12,559,326.5
C00750,17714.49,6,10,2024-02-02,2025-08-07,552,2952.4150000000004
C00751,240.99,2,2,2024-02-08,2025-10-02,602,120.495
C00752,5570.57,8,16,2024-01-07,2025-11-07,670,696.32125
C00753,15983.119999999999,2,5,2024-03-12,2025-04-12,396,7991.5599999999995
C00754,3430.63,7,14,2024-01-06,2025-12-06,700,490.09000000000003
C00755,1591.1200000000001,5,7,2024-01-10,2025-07-08,545,318.22400000000005
C00756,33068.28,1,4,2025-10-12,2025-10-12,0,33068.28
C00757,1992.4,4,7,2024-05-08,2025-05-12,369,498.1
C00758,21912.86,4,10,2024-06-03,2025-03-04,274,5478.215
C00759,513.25,2,3,2024-02-10,2024-05-07,87,256.625
C00760,693.89,2,3,2025-04-03,2025-08-07,126,346.945
C00761,2762.86,11,13,2024-01-07,2026-02-01,756,251.16909090909093
C00762,922.94,3,4,2024-05-10,2025-05-07,362,307.6466666666667
C00764,56880.25,4,7,2024-01-04,2026-01-01,728,14220.0625
C00765,1215.26,3,7,2024-07-11,2024-12-12,154,405.08666666666664
C00766,147.54,1,1,2024-01-08,2024-01-08,0,147.54
C00767,21977.15,7,10,2024-05-12,2025-12-05,572,3139.592857142857
C00768,2002.6100000000001,4,7,2024-01-01,2025-09-12,620,500.65250000000003
C00769,55805.740000000005,6,11,2024-01-01,2025-12-05,704,9300.956666666667
C00770,1811.37,2,6,2025-03-10,2025-08-10,153,905.685
C00771,26502.95,6,7,2024-04-07,2025-12-11,613,4417.158333333334
C00772,1537.75,3,6,2025-07-08,2025-09-06,60,512.5833333333334
C00773,17710.1,6,11,2024-05-08,2025-12-04,575,2951.683333333333
C00774,355.0,1,3,2024-06-01,2024-06-01,0,355.0
C00775,507.5,1,2,2024-08-07,2024-08-07,0,507.5
C00776,63.15,1,1,2025-02-10,2025-02-10,0,63.15
C00777,1356.97,3,6,2024-08-10,2025-01-06,149,452.3233333333333
C00778,194.84,1,2,2025-08-05,2025-08-05,0,194.84
C00779,553.26,2,3,2025-10-07,2026-07-01,267,276.63
C00780,3071.08,5,11,2024-06-05,2025-07-06,396,614.216
C00781,1151.0,2,4,2024-07-08,2025-08-08,396,575.5
C00782,8782.49,7,10,2024-02-11,2025-03-05,388,1254.6414285714286
C00783,20092.27,2,5,2024-01-07,2025-09-12,614,10046.135
C00784,60.45,1,1,2024-09-04,2024-09-04,0,60.45
C00785,4262.85,7,13,2024-01-04,2026-08-01,940,608.9785714285715
C00786,1998.1599999999999,4,8,2024-07-04,2025-03-10,249,499.53999999999996
C00787,1444.21,5,7,2024-02-12,2025-08-03,538,288.842
C00788,1168.99,2,6,2024-10-03,2025-05-09,218,584.495
C00789,1417.53,6,9,2024-03-05,2026-08-01,879,236.255
C00790,24421.6,5,7,2024-08-05,2025-05-10,278,4884.32
C00791,3522.47,7,13,2024-04-12,2025-10-07,543,503.21
C00792,1697.98,4,7,2024-06-12,2025-09-06,451,424.495
C00793,881.88,1,3,2025-11-04,2025-11-04,0,881.88
C00794,2960.44,6,12,2024-01-08,2025-10-09,640,493.4066666666667
C00795,1832.86,6,10,2024-02-09,2025-07-03,510,305.47666666666663
C00796,1177.71,4,7,2024-08-05,2025-12-06,488,294.4275
C00797,12771.44,2,4,2024-02-02,2025-08-02,547,6385.72
C00798,13555.51,4,11,2024-12-11,2025-09-10,273,3388.8775
C00799,1004.26,2,4,2025-06-05,2025-12-04,182,502.13
C00800,3495.66,6,13,2024-01-05,2025-05-06,487,582.61
C00801,2193.62,6,10,2024-06-02,2025-10-06,491,365.6033333333333
C00802,48430.72,5,8,2024-02-07,2026-12-01,1028,9686.144
C00803,995.49,3,6,2024-01-11,2025-08-04,571,331.83
C00804,2010.53,4,10,2024-04-03,2025-09-05,520,502.6325
C00805,49030.43,6,12,2024-05-08,2025-12-10,581,8171.738333333334
C00806,1348.8,6,8,2024-01-07,2025-07-03,543,224.79999999999998
C00807,27270.13,1,2,2025-11-06,2025-11-06,0,27270.13
C00808,27089.480000000003,8,14,2024-01-03,2025-12-05,702,3386.1850000000004
C00809,71468.56999999999,5,10,2024-06-11,2025-09-06,452,14293.713999999998
C00810,18086.22,3,6,2024-09-10,2025-10-12,397,6028.740000000001
C00811,589.76,3,3,2024-02-10,2025-08-04,541,196.58666666666667
C00812,1792.1999999999998,3,9,2024-01-08,2025-12-10,702,597.4
C00813,1181.46,4,6,2024-02-06,2025-10-01,603,295.365
C00814,33229.86,4,7,2024-01-04,2025-10-05,640,8307.465
C00815,341.04999999999995,2,3,2024-01-11,2026-03-01,780,170.52499999999998
C00816,17488.68,5,9,2024-03-05,2025-12-09,644,3497.736
C00817,1709.08,4,7,2024-02-11,2025-06-12,487,427.27
C00818,1315.99,2,6,2024-01-02,2024-08-07,218,657.995
C00819,713.61,2,6,2024-09-06,2025-03-05,180,356.805
C00820,27713.7,3,5,2024-01-04,2025-04-06,458,9237.9
C00821,5531.08,6,16,2024-02-04,2026-08-01,909,921.8466666666667
C00822,17657.52,5,13,2024-08-08,2026-03-01,570,3531.504
C00823,2209.3,5,10,2024-01-11,2025-11-12,671,441.86
C00824,22057.23,6,8,2024-05-10,2025-09-08,486,3676.205
C00825,1945.2,5,9,2024-02-03,2025-12-08,674,389.04
C00826,1338.38,4,4,2024-07-08,2025-09-06,425,334.595
C00827,686.56,2,2,2025-01-04,2025-07-07,184,343.28
C00828,169.16,1,2,2025-07-08,2025-07-08,0,169.16
C00829,1691.66,5,8,2024-03-03,2026-03-01,728,338.332
C00830,1383.76,5,6,2024-01-01,2025-12-02,701,276.752
C00831,748.69,3,5,2024-07-12,2025-08-01,385,249.56333333333336
C00832,774.84,2,5,2024-04-09,2025-07-11,458,387.42
C00833,24165.370000000003,7,13,2024-01-06,2025-11-07,671,3452.1957142857145
C00834,671.09,3,6,2024-01-11,2025-05-08,483,223.6966666666667
C00835,951.34,2,4,2025-02-06,2025-09-10,216,475.67
C00836,640.38,3,4,2025-03-11,2026-02-01,327,213.46
C00837,2723.76,4,9,2024-12-09,2025-12-12,368,680.94
C00838,28724.54,2,2,2024-04-09,2025-08-04,482,14362.27
C00839,2982.4,4,9,2024-01-10,2025-07-11,548,745.6
C00840,91523.95,6,13,2024-08-10,2025-10-10,426,15253.991666666667
C00841,33064.74,3,5,2024-02-12,2024-12-02,294,11021.58
C00842,11352.1,8,14,2024-01-02,2026-02-01,761,1419.0125
C00843,8299.79,6,14,2025-02-01,2025-12-03,305,1383.2983333333334
C00844,1757.72,3,8,2024-11-03,2025-03-12,129,585.9066666666666
C00845,2175.36,4,8,2024-07-08,2025-11-11,491,543.84
C00846,3263.29,6,11,2024-01-11,2025-12-08,697,543.8816666666667
C00847,11232.35,7,11,2024-02-05,2025-09-01,574,1604.6214285714286
C00849,2891.12,5,11,2024-03-05,2025-09-12,556,578.2239999999999
C00850,2521.38,4,12,2024-04-10,2025-03-06,330,630.345
C00851,1630.02,3,7,2024-03-10,2025-03-10,365,543.34
C00852,53971.84,4,9,2024-01-03,2025-11-11,678,13492.96
C00853,1934.73,4,9,2024-02-05,2025-12-03,667,483.6825
C00854,6978.34,4,7,2024-07-06,2025-12-06,518,1744.585
C00855,1972.41,2,5,2025-09-08,2025-11-07,60,986.205
C00856,4043.46,7,14,2024-05-10,2026-09-01,844,577.6371428571429
C00857,770.4300000000001,2,6,2024-07-12,2024-12-05,146,385.21500000000003
C00858,765.36,4,4,2024-10-02,2025-07-07,278,191.34
C00859,3579.35,7,17,2024-03-12,2026-02-01,691,511.3357142857143
C00860,46490.44,5,8,2024-03-12,2025-09-12,549,9298.088
C00861,2410.79,2,6,2025-04-08,2026-01-01,268,1205.395
C00862,13072.66,1,4,2024-04-10,2024-10-04,177,13072.66
C00864,628.0,1,2,2024-05-01,2024-05-01,0,628.0
C00865,641.04,1,1,2024-09-08,2024-09-08,0,641.04
C00868,677.54,3,4,2024-06-06,2025-04-04,302,225.84666666666666
C00869,646.6099999999999,1,2,2024-06-02,2024-06-02,0,646.6099999999999
C00870,15448.75,2,4,2024-10-11,2025-01-09,90,7724.375
C00872,1582.04,3,5,2024-06-03,2025-08-09,432,527.3466666666667
C00873,710.7,1,4,2025-02-01,2025-02-01,0,710.7
C00874,247.8,1,1,2025-10-02,2025-10-02,0,247.8
C00875,1115.98,2,4,2024-02-08,2025-07-04,512,557.99
C00876,1018.25,3,6,2024-05-04,2025-04-10,341,339.4166666666667
C00877,131.88,1,1,2025-10-11,2025-10-11,0,131.88
C00878,1463.8400000000001,2,6,2024-02-08,2025-03-01,387,731.9200000000001
C00879,1406.15,2,5,2024-05-11,2025-08-07,453,703.075
C00880,830.02,1,3,2025-08-09,2025-08-09,0,830.02
C00881,1239.67,1,4,2024-07-05,2024-07-05,0,1239.67
C00882,446.26,1,2,2025-10-11,2025-10-11,0,446.26
C00883,758.07,3,4,2024-03-06,2026-04-01,756,252.69000000000003
C00884,1159.99,2,5,2025-07-04,2025-09-10,68,579.995
C00885,44816.4,1,2,2025-05-11,2025-05-11,0,44816.4
C00886,432.96,1,3,2024-07-08,2024-07-08,0,432.96
C00887,307.54,2,2,2024-01-03,2024-01-12,9,153.77
C00888,544.7,1,1,2025-11-08,2025-11-08,0,544.7
C00889,1190.83,2,5,2024-01-07,2025-11-02,665,595.415
C00891,538.2,1,1,2025-06-03,2025-06-03,0,538.2
C00892,273.0,1,1,2025-12-09,2025-12-09,0,273.0
C00893,210.0,1,1,2024-06-01,2024-06-01,0,210.0
C00894,586.5799999999999,2,4,2024-10-08,2025-09-04,331,293.28999999999996
C00895,1689.22,3,7,2024-05-10,2024-12-11,215,563.0733333333334
C00896,29478.300000000003,3,7,2024-01-11,2025-06-11,517,9826.1
C00898,726.67,2,3,2024-07-09,2025-06-09,335,363.335
C00899,1433.26,2,5,2024-09-11,2025-03-04,174,716.63
C00900,55344.26,1,3,2025-12-12,2025-12-12,0,55344.26
C00901,401.52,2,2,2024-10-06,2025-05-05,211,200.76
C00902,660.9100000000001,2,4,2024-01-05,2025-10-11,645,330.45500000000004
C00904,259.46000000000004,1,2,2024-04-08,2024-04-08,0,259.46000000000004
C00905,481.32,2,2,2025-03-11,2025-12-08,272,240.66
C00906,963.92,1,3,2025-12-12,2025-12-12,0,963.92
C00908,501.52,1,4,2024-07-11,2024-07-11,0,501.52
C00909,2431.01,4,11,2024-10-07,2025-11-09,398,607.7525
C00910,1189.14,2,4,2024-06-06,2025-01-03,211,594.57
C00912,18149.83,4,6,2024-02-08,2025-11-12,643,4537.4575
C00913,535.35,1,2,2025-11-04,2025-11-04,0,535.35
C00915,406.8,2,3,2024-04-11,2024-11-06,209,203.4
C00916,6467.36,7,10,2024-03-02,2025-11-08,616,923.9085714285713
C00917,1446.95,3,5,2024-08-12,2025-11-07,452,482.31666666666666
C00918,4702.81,1,2,2024-03-06,2024-03-06,0,4702.81
C00919,420.81,2,2,2024-07-10,2024-08-11,32,210.405
C00920,862.49,3,6,2024-01-01,2025-12-12,711,287.49666666666667
C00921,793.16,2,4,2024-02-03,2025-02-10,373,396.58
C00925,1307.27,2,5,2025-04-12,2025-10-11,182,653.635
C00926,277.78,2,3,2025-03-09,2025-04-08,30,138.89
C00927,35386.53,3,7,2024-08-10,2025-05-07,270,11795.51
C00928,833.1800000000001,1,3,2025-08-03,2025-08-03,0,833.1800000000001
C00929,984.76,3,7,2024-02-04,2025-12-08,673,328.25333333333333
C00930,1686.78,4,10,2024-11-04,2025-12-10,401,421.695
C00931,13162.970000000001,3,8,2024-02-05,2025-06-06,487,4387.656666666667
C00933,955.6299999999999,3,4,2025-04-08,2025-11-10,216,318.5433333333333
C00934,314.57000000000005,1,2,2024-04-03,2024-04-03,0,314.57000000000005
C00935,693.4300000000001,1,3,2024-01-03,2024-01-03,0,693.4300000000001
C00936,163.6,1,1,2024-02-10,2024-02-10,0,163.6
C00937,1067.43,1,4,2024-03-09,2024-03-09,0,1067.43
C00939,2065.64,3,6,2024-10-04,2025-09-06,337,688.5466666666666
C00940,160.0,1,1,2024-02-01,2024-02-01,0,160.0
C00941,1112.54,2,5,2024-04-10,2024-08-06,118,556.27
C00942,270.39,1,3,2025-01-03,2025-01-03,0,270.39
C00945,2195.8199999999997,3,6,2024-02-08,2025-06-08,486,731.9399999999999
C00946,286.81,1,2,2024-10-10,2024-10-10,0,286.81
C00948,1082.3,2,4,2024-01-10,2025-09-07,606,541.15
C00949,10700.41,1,4,2024-08-02,2024-08-02,0,10700.41
C00950,1164.63,2,4,2024-02-05,2024-12-03,302,582.315
C00951,327.08,2,2,2024-04-10,2025-07-06,452,163.54
C00952,890.58,2,6,2025-07-01,2025-10-11,102,445.29
C00955,724.9200000000001,2,4,2024-02-04,2024-09-11,220,362.46000000000004
C00956,591.38,1,2,2025-04-04,2025-04-04,0,591.38
C00958,25684.14,3,4,2024-10-10,2025-11-09,395,8561.38
C00959,388.83,1,2,2025-07-08,2025-07-08,0,388.83
C00961,1078.94,1,4,2024-10-07,2024-10-07,0,1078.94
C00962,1394.6599999999999,3,5,2024-01-03,2025-05-12,495,464.8866666666666
C00963,10574.13,4,7,2024-11-09,2025-12-03,389,2643.5325
C00964,1529.65,2,4,2025-04-12,2025-07-06,85,764.825
C00965,1348.92,2,3,2024-12-02,2025-03-02,90,674.46
C00967,423.15,1,2,2024-01-04,2024-01-04,0,423.15
C00968,90.22,1,2,2024-12-02,2024-12-02,0,90.22
C00970,1099.8,1,2,2025-05-12,2025-05-12,0,1099.8
C00971,45.0,1,1,2024-06-01,2024-06-01,0,45.0
C00972,1268.77,4,7,2024-08-02,2025-12-01,486,317.1925
C00973,940.13,2,5,2024-07-05,2025-02-10,220,470.065
C00974,2269.02,3,7,2024-07-06,2025-11-02,484,756.34
C00975,21970.66,2,6,2024-07-08,2024-08-01,24,10985.33
C00976,335.0,1,2,2024-01-01,2024-01-01,0,335.0
C00977,703.8000000000001,1,3,2025-05-03,2025-05-03,0,703.8000000000001
C00978,297.98,1,1,2024-12-12,2024-12-12,0,297.98
C00979,15822.17,2,7,2024-10-07,2025-11-03,392,7911.085
C00981,775.78,1,3,2024-10-04,2024-10-04,0,775.78
C00982,1526.02,3,7,2024-01-04,2026-11-01,1032,508.67333333333335
C00984,1355.32,2,5,2025-06-10,2025-10-11,123,677.66
C00985,85.46000000000001,2,2,2024-08-03,2025-10-07,430,42.730000000000004
C00986,441.64,2,4,2024-07-05,2024-12-08,156,220.82
C00988,48471.82,4,8,2024-03-08,2025-08-02,512,12117.955
C00989,255.0,1,1,2024-09-09,2024-09-09,0,255.0
C00990,339.85,1,2,2024-07-12,2024-07-12,0,339.85
C00991,691.74,2,4,2025-01-07,2025-04-06,89,345.87
C00992,1876.1699999999998,2,8,2024-07-10,2025-08-03,389,938.0849999999999
C00993,293.62,1,1,2024-12-06,2024-12-06,0,293.62
C00994,1725.99,2,5,2024-01-10,2025-07-01,538,862.995
C00995,598.83,1,3,2024-11-07,2024-11-07,0,598.83
C00998,3298.71,5,10,2024-03-12,2025-12-02,630,659.742
C00999,125.0,1,1,2024-10-01,2024-10-01,0,125.0
C01001,1228.81,4,5,2024-07-03,2025-12-04,519,307.2025
C01002,605.5899999999999,2,4,2024-08-05,2024-11-10,97,302.79499999999996
C01003,464.62,1,1,2025-04-02,2025-04-02,0,464.62
C01004,350.91999999999996,1,2,2025-12-08,2025-12-08,0,350.91999999999996
C01005,668.84,2,2,2024-12-02,2025-02-02,62,334.42
C01006,164.4,1,1,2024-02-12,2024-02-12,0,164.4
C01007,22783.32,1,3,2025-01-04,2025-01-04,0,22783.32
C01008,6222.76,2,4,2024-08-10,2025-06-11,305,3111.38
C01009,1027.19,3,4,2024-06-10,2025-11-08,516,342.3966666666667
C01010,49767.16,3,4,2024-01-04,2025-05-06,488,16589.053333333333
C01011,653.06,1,2,2024-05-06,2024-05-06,0,653.06
C01012,10228.42,2,5,2024-09-05,2025-07-07,305,5114.21
C01013,910.78,3,4,2024-10-01,2025-07-08,280,303.5933333333333
C01014,30183.7,1,2,2024-04-10,2024-04-10,0,30183.7
C01016,1374.46,2,7,2024-09-10,2024-11-09,60,687.23
C01017,7768.63,3,6,2024-06-01,2026-07-01,760,2589.5433333333335
C01018,423.74,2,2,2025-03-05,2025-06-12,99,211.87
C01019,134.3,1,1,2025-11-10,2025-11-10,0,134.3
C01020,95.71,1,1,2024-05-04,2024-05-04,0,95.71
C01021,1320.49,3,4,2024-02-02,2025-11-08,645,440.16333333333336
C01022,904.37,3,5,2024-05-08,2025-08-12,461,301.45666666666665
C01023,1571.38,1,4,2024-08-06,2024-08-06,0,1571.38
C01024,356.77,1,2,2024-04-03,2024-04-03,0,356.77
C01025,5705.160000000001,4,9,2024-02-08,2025-10-09,609,1426.2900000000002
C01026,1559.93,3,6,2025-06-08,2025-12-09,184,519.9766666666667
C01027,123.0,1,1,2024-03-11,2024-03-11,0,123.0
C01028,111.56,1,1,2025-12-09,2025-12-09,0,111.56
C01029,986.4300000000001,2,4,2025-04-08,2025-10-02,177,493.21500000000003
C01030,47321.86,2,6,2024-07-10,2025-07-10,365,23660.93
C01031,58.71,1,1,2025-03-01,2025-03-01,0,58.71
C01034,50208.4,2,4,2025-03-10,2025-07-03,115,25104.2
C01035,984.73,2,4,2024-01-06,2025-11-11,675,492.365
C01038,813.35,1,4,2025-08-02,2025-08-02,0,813.35
C01039,1835.88,4,8,2024-05-04,2025-10-03,517,458.97
C01040,142.65,2,2,2024-06-06,2025-10-02,483,71.325
C01041,156.16,1,2,2024-03-04,2024-03-04,0,156.16
C01042,1731.8400000000001,3,8,2024-01-11,2025-03-06,420,577.2800000000001
C01043,699.6800000000001,3,3,2024-05-03,2026-06-01,759,233.2266666666667
C01045,673.17,2,2,2024-02-11,2025-02-05,360,336.585
C01047,893.1999999999999,2,3,2024-01-07,2024-08-07,213,446.59999999999997
C01048,47.14,1,1,2025-04-08,2025-04-08,0,47.14
C01049,1191.0400000000002,2,5,2025-05-08,2025-07-10,63,595.5200000000001
C01051,2103.21,2,5,2024-07-09,2025-04-09,274,1051.605
C01052,3814.39,5,10,2024-06-03,2025-12-02,547,762.8779999999999
C01054,722.54,1,3,2025-05-10,2025-05-10,0,722.54
C01055,9022.65,5,12,2024-02-03,2025-07-06,519,1804.53
C01059,150.33,1,1,2025-04-11,2025-04-11,0,150.33
C01061,348.07,1,3,2024-10-12,2024-10-12,0,348.07
C01062,408.9,2,3,2024-11-01,2025-03-02,121,204.45
C01063,531.7,1,1,2024-09-10,2024-09-10,0,531.7
C01064,722.51,3,5,2025-06-12,2025-12-08,179,240.83666666666667
C01066,1255.29,2,5,2024-04-07,2024-08-06,121,627.645
C01067,427.87,2,2,2024-03-06,2024-11-05,244,213.935
C01068,152.76,1,1,2024-08-03,2024-08-03,0,152.76
C01070,651.45,1,2,2024-06-05,2024-06-05,0,651.45
C01071,7618.5599999999995,3,7,2024-07-12,2025-04-03,265,2539.52
C01072,829.12,1,4,2024-12-03,2024-12-03,0,829.12
C01073,99.04,1,1,2025-03-06,2025-03-06,0,99.04
C01074,1912.67,5,10,2024-04-03,2025-11-12,588,382.534
C01075,1650.13,3,5,2025-02-06,2025-07-02,146,550.0433333333334
C01076,427.36,1,1,2024-01-08,2024-01-08,0,427.36
C01077,794.5400000000001,1,2,2025-09-08,2025-09-08,0,794.5400000000001
C01079,1145.82,2,6,2024-09-08,2024-12-06,89,572.91
C01080,693.0899999999999,2,3,2025-05-05,2025-09-07,125,346.54499999999996
C01082,602.96,2,4,2025-03-03,2026-02-01,335,301.48
C01084,249.10000000000002,1,2,2026-12-01,2026-12-01,0,249.10000000000002
C01085,710.2,2,2,2025-06-06,2025-08-07,62,355.1
C01086,58.48,1,1,2024-01-10,2024-01-10,0,58.48
C01087,16820.09,2,7,2024-07-10,2025-06-10,335,8410.045
C01089,277.31,1,3,2024-01-04,2024-04-01,88,277.31
C01090,1507.72,3,5,2024-08-05,2025-06-05,304,502.5733333333333
C01091,816.45,2,4,2024-02-03,2024-02-11,8,408.225
C01092,13383.34,1,2,2025-10-10,2025-10-10,0,13383.34
C01093,663.0,1,2,2024-05-09,2024-05-09,0,663.0
C01094,142.21,1,1,2024-02-05,2024-02-05,0,142.21
C01095,1268.17,2,5,2025-10-04,2025-11-06,33,634.085
C01096,723.87,2,4,2024-02-04,2024-06-12,129,361.935
C01097,11833.97,5,9,2024-06-02,2025-09-05,460,2366.794
C01098,258.4,2,2,2025-01-07,2025-02-01,25,129.2
C01099,604.84,2,2,2024-11-12,2026-02-01,446,302.42
C01100,555.97,2,4,2024-04-11,2025-02-01,296,277.985
C01101,667.29,2,5,2024-12-08,2025-03-09,91,333.645
C01102,351.11,2,2,2024-06-11,2025-12-03,540,175.555
C01103,633.29,2,2,2024-05-04,2024-08-07,95,316.645
C01104,7669.02,2,6,2024-02-12,2024-12-08,300,3834.51
C01105,1017.03,2,6,2024-01-10,2024-07-09,181,508.515
C01106,525.3,1,2,2025-06-01,2025-06-01,0,525.3
C01107,1184.75,2,5,2025-08-09,2025-11-02,85,592.375
C01108,502.35,2,3,2024-10-08,2025-08-04,300,251.175
C01109,526.02,1,3,2025-07-04,2025-07-04,0,526.02
C01112,15845.199999999999,2,4,2024-11-09,2026-05-01,538,7922.599999999999
C01113,24480.0,1,1,2024-02-09,2024-02-09,0,24480.0
C01114,826.91,3,4,2024-01-02,2025-07-11,556,275.63666666666666
C01116,25317.460000000003,3,5,2024-02-02,2025-06-05,489,8439.153333333334
C01117,1942.6599999999999,2,7,2024-05-03,2026-09-01,851,971.3299999999999
C01118,196.1,1,2,2026-04-01,2026-04-01,0,196.1
C01119,220.5,2,2,2025-09-06,2026-02-01,148,110.25
C01120,660.95,1,3,2025-11-12,2025-11-12,0,660.95
C01121,1666.91,3,8,2024-07-06,2025-07-05,364,555.6366666666667
C01123,568.3,1,3,2025-07-04,2025-07-04,0,568.3
C01124,547.3,1,1,2025-08-10,2025-08-10,0,547.3
C01125,29242.56,2,2,2024-05-06,2024-05-09,3,14621.28
C01126,564.4100000000001,1,3,2025-03-11,2025-03-11,0,564.4100000000001
C01128,403.9,1,3,2025-08-10,2025-08-10,0,403.9
C01130,603.75,1,2,2025-09-09,2025-09-09,0,603.75
C01131,2095.46,3,8,2024-11-01,2025-04-07,157,698.4866666666667
C01132,1270.92,2,6,2024-02-08,2025-10-06,606,635.46
C01133,55520.07,3,4,2024-08-09,2025-09-01,388,18506.69
C01134,732.7,2,5,2024-09-03,2024-09-04,1,366.35
C01136,658.99,2,3,2024-08-04,2024-10-09,66,329.495
C01138,270.52,1,2,2025-01-08,2025-01-08,0,270.52
C01139,1535.47,4,6,2024-04-01,2025-06-10,435,383.8675
C01140,249.0,1,1,2025-05-04,2025-05-04,0,249.0
C01141,1571.3100000000002,2,5,2024-04-08,2026-12-01,967,785.6550000000001
C01142,589.55,3,5,2025-02-04,2026-01-01,331,196.51666666666665
C01143,203.49,1,1,2024-04-09,2024-04-09,0,203.49
C01144,1260.0,2,5,2024-03-01,2024-11-01,245,630.0
C01147,1283.18,2,4,2024-07-06,2024-12-11,158,641.59
C01149,275.63,1,2,2024-07-12,2024-07-12,0,275.63
C01150,783.9,1,1,2024-07-03,2024-07-03,0,783.9
C01151,14606.82,3,6,2024-06-01,2026-05-01,699,4868.94
C01152,381.28999999999996,1,2,2025-06-08,2025-06-08,0,381.28999999999996
C01153,724.76,3,5,2024-04-09,2025-08-07,485,241.58666666666667
C01154,62.85,1,1,2025-12-08,2025-12-08,0,62.85
C01155,744.0699999999999,2,2,2025-05-06,2025-12-09,217,372.03499999999997
C01156,19592.0,2,3,2024-06-09,2026-02-01,602,9796.0
C01157,2472.33,2,7,2024-12-12,2025-10-11,303,1236.165
C01159,1096.86,2,3,2024-06-12,2025-09-01,446,548.43
C01160,26146.920000000002,3,4,2024-03-12,2025-01-10,304,8715.640000000001
C01161,1918.31,3,5,2024-02-06,2025-07-03,513,639.4366666666666
C01162,1537.3,3,5,2024-02-11,2025-05-05,449,512.4333333333333
C01163,444.15,1,2,2025-03-12,2025-03-12,0,444.15
C01165,1957.9,2,6,2025-04-07,2025-08-02,117,978.95
C01166,150.8,1,1,2025-08-05,2025-08-05,0,150.8
C01167,448.7,2,3,2024-02-08,2024-03-07,28,224.35
C01170,645.01,1,3,2025-09-03,2025-09-03,0,645.01
C01172,708.98,1,2,2024-03-12,2024-03-12,0,708.98
C01173,1061.27,3,5,2024-07-09,2026-02-01,572,353.75666666666666
C01174,546.0,1,1,2025-02-09,2025-02-09,0,546.0
C01175,961.1500000000001,1,3,2024-04-10,2024-04-10,0,961.1500000000001
C01177,258.3,1,2,2024-07-11,2024-07-11,0,258.3
C01178,165.6,1,1,2025-04-03,2025-04-03,0,165.6
C01179,812.8900000000001,1,3,2024-08-10,2024-08-10,0,812.8900000000001
C01182,1048.3799999999999,1,2,2024-01-05,2024-01-05,0,1048.3799999999999
C01183,814.77,2,5,2024-01-08,2025-08-10,580,407.385
C01184,427.09999999999997,2,3,2024-02-09,2024-08-07,180,213.54999999999998
C01185,49166.97,2,5,2024-04-06,2024-07-12,97,24583.485
C01186,482.3,1,2,2025-07-10,2025-07-10,0,482.3
C01187,1540.03,3,6,2024-05-07,2025-08-08,458,513.3433333333334
C01188,49918.91,4,4,2024-02-11,2025-10-05,602,12479.7275
C01189,1195.5,1,4,2025-12-12,2025-12-12,0,1195.5
C01190,343.44,1,2,2026-02-01,2026-02-01,0,343.44
C01191,871.11,2,4,2024-07-02,2025-01-11,193,435.555
C01193,1243.89,2,7,2024-11-11,2026-10-01,689,621.945
C01194,938.9,2,5,2024-10-01,2025-01-12,103,469.45
C01195,1104.82,2,4,2024-09-09,2025-09-07,363,552.41
C01197,194.26999999999998,1,2,2024-09-10,2024-09-10,0,194.26999999999998
C01199,1111.45,3,6,2024-03-07,2024-12-03,271,370.48333333333335
C01200,621.64,1,3,2024-04-12,2024-04-12,0,621.64
